title,pdf,analys,date,stock_name,action,price,cs,cs5,cs10,cs15
28/05/2568 IPO: บริษัท สกิน ลาบอราทอรี่ จำกัด (มหาชน) (SKIN),https://www.aira.co.th/upload/1Q25re_1747187531_30215.pdf,ศักดิ์นรินทร์ ศศานนท์,2025-05-28 00:00:00,IPO,BUY,28.0,-1.0,-2.0,-3.0,-4.0
23/05/2568 OKJ: Stock alert,https://www.aira.co.th/upload/202505_1747102898_28519.pdf,ศักดิ์นรินทร์ ศศานนท์,2025-05-23 00:00:00,OKJ,SELL,50.0,6.65,6.7,6.7,6.7
"15/05/2568 RATCH: ผลการดำเนินงานฟื้นตัว จากการรับรู้ผลการดำเนินงานของโรงไฟฟ้าทั้งในและต่างประเทศ, เงินปันผลยังน่าสนใจ",https://www.aira.co.th/upload/Result_1747102848_73458.pdf,ศักดิ์นรินทร์ ศศานนท์,2025-05-15 00:00:00,RATCH,BUY,13.7,26.25,26.5,26.5,26.5
15/05/2568 TFG: ผลการดำเนินงาน 1Q/25 โดดเด่น จากราคาเนื้อสัตว์สูง ขณะต้นทุนลดลง หนุนGPM Record high,https://www.aira.co.th/upload/202505_1746755201_62118.pdf,ศักดิ์นรินทร์ ศศานนท์,2025-05-15 00:00:00,TFG,SELL,0.84,5.35,5.4,5.4,5.4
14/05/2568 PTT : ผลการดำเนินงานปกติในช่วง 1Q/68 อ่อนตัวลง qoq หลักๆ มาจาก PTTEP และธุรกิจก๊าซ,https://www.aira.co.th/upload/AM1Q68_1745977694_75959.pdf,ศักดิ์นรินทร์ ศศานนท์,2025-05-14 00:00:00,PTT,BUY,18.3,31.25,31.25,31.25,31.25
14/05/2568 BTG: ผลประกอบการ 1Q/68 ออกมาแข็งแกร่งกว่าที่เราและตลาดคาด,https://www.aira.co.th/upload/202504_1745807990_91361.pdf,ศักดิ์นรินทร์ ศศานนท์,2025-05-14 00:00:00,BTG,BUY,9.0,24.0,24.6,24.6,24.6
13/05/2568 TU: ผลการดำเนินงานใน 1Q/68 อ่อนตัว จาก ยอดขายที่ลดลง และค่าใช้จ่ายที่ยังทรงตัวสูง,https://www.aira.co.th/upload/Previe_1745458821_61706.pdf,ศักดิ์นรินทร์ ศศานนท์,2025-05-13 00:00:00,TU,BUY,23.9,10.3,10.3,10.3,10.3
24/04/2568 BTG : คาดผลการดำเนินงาน 1Q/68 แข็งแกร่ง จากราคาเนื้อสุกรที่สูง-ต้นทุนเลี้ยงที่ต่ำ,https://www.aira.co.th/upload/202505_1747287268_04141.pdf,ศักดิ์นรินทร์ ศศานนท์,2025-04-24 00:00:00,BTG,BUY,0.0,21.9,23.8,24.3,24.6
16/05/2568 OKJ: กำไรสุทธิ 1Q/68 ดีกว่าที่คาด แต่เรามองไตรมาสที่เหลือมีความเสี่ยงจากแนวโน้มเศรษฐกิจชะลอตัว,https://www.aira.co.th/upload/202502_1739409221_02418.pdf,ศักดิ์นรินทร์ ศศานนท์,2025-05-16,OKJ,BUY,16.0,7.2,7.1,7.1,7.1
15/05/2568 EGCO: คาดผลการดำเนินงาน 2568 จะฟื้นตัวต่อเนื่อง จากการรับรู้ผลการดำเนินงานของโรงไฟฟ้าทั้งในและต่างประเทศ,https://www.aira.co.th/upload/202502_1739237957_08515.pdf,ศักดิ์นรินทร์ ศศานนท์,2025-05-15,EGCO,SELL,1.03,107.5,109.5,109.5,109.5
14/05/2568 BCP: ผลการดำเนินงาน 1Q/68 ฟื้นตัวขึ้น แม้ค่าการกลั่นอ่อนตัวลง แต่มีขาดทุนจากสต็อกน้ำมันลดลง,https://www.aira.co.th/upload/Previe_1738114185_25878.pdf,หทัยชนก มูลวงศ์,2025-05-14,BCP,BUY,27.0,37.5,37.5,37.5,37.5
13/05/2568 BANPU: ผลการดำเนินงาน 1Q/68 ขาดทุนต่อเนื่อง ธุรกิจถ่านหินอ่อนตัวลง แต่ธุรกิจก๊าซฟื้นตัว,https://www.aira.co.th/upload/Previe_1737078484_35982.pdf,หทัยชนก มูลวงศ์,2025-05-13,BANPU,BUY,39.0,4.8,4.8,4.8,4.8
09/05/2568 OR : 1Q/68 ฟื้นตัวโดดเด่น จากค่าการตลาดที่เพิ่มขึ้น แต่คาดจะอ่อนตัวลงใน 2Q/68 จากโปรโมชั่นลดราคาน้ำมัน,https://www.aira.co.th/upload/202501_1736732431_9275.pdf,ศักดิ์นรินทร์ ศศานนท์,2025-05-09,OR,BUY,164.0,14.3,13.6,13.6,13.6
24/04/2568 BH : ประกาศกำไร 1Q/68 หดตัว yoy และ qoq,https://www.aira.co.th/upload/202505_1747102947_98186.pdf,ศักดิ์นรินทร์ ศศานนท์,2025-04-24,BH,SELL,4.42,166.0,168.5,168.5,168.5
23/04/2568 CPN : คาดกำไรปกติ 1Q/68 ดีขึ้นเพียงเล็กน้อย yoy,https://www.aira.co.th/upload/202505_1746755307_66437.pdf,ศักดิ์นรินทร์ ศศานนท์,2025-04-23,CPN,BUY,16.0,48.75,50.75,52.5,52.5
22/04/2568 KBANK: 1Q68 กำไรดีกว่าที่ตลาดคาดไว้มาก แต่ถูกสงครามการค้ากดดัน,https://www.aira.co.th/upload/202505_1746688323_82316.pdf,ศักดิ์นรินทร์ ศศานนท์,2025-04-22,KBANK,BUY,0.0,149.0,154.5,165.0,165.0
18/04/2568 BBL : กำไร 1Q68 ดีกว่าคาดเล็กน้อย พลาด Virtual Bank เรามองเป็นเรื่องดี,https://www.aira.co.th/upload/Result_1745890809_00264.pdf,ศักดิ์นรินทร์ ศศานนท์,2025-04-18,BBL,BUY,18.3,144.0,143.5,143.5,143.5
03/04/2568 ITC : Stock Alert,https://www.aira.co.th/upload/Result_1731892080_03117.pdf,หทัยชนก มูลวงศ์,2025-04-03,ITC,BUY,45.0,13.3,13.7,13.7,13.7
27/03/2568 ITC: คาดผลประกอบการ 1Q/68 อ่อนตัว จากปัจจัยลบที่รุมเร้า,https://www.aira.co.th/upload/Result_1731546525_3521.pdf,หทัยชนก มูลวงศ์,2025-03-27,ITC,BUY,41.0,14.2,14.1,14.1,14.1
19/03/2568 ILM : ปีแห่งความท้าทาย; SSSG Qtd ติดลบในรอบ 2 ปี,https://www.aira.co.th/upload/Result_1731546498_28628.pdf,หทัยชนก มูลวงศ์,2025-03-19,ILM,BUY,82.0,14.1,14.2,14.2,14.2
07/03/2568 BCH : ม.ค. – ก.พ. เติบโตดี; ผบห.ตั้งเป้ารายได้ปี 68 กลับมาโต Double Digit yoy,https://www.aira.co.th/upload/202405_1731476467_78294.pdf,ศักดิ์นรินทร์ ศศานนท์,2025-03-07,BCH,SELL,5.35,15.7,15.9,15.9,15.9
"06/03/2568 BH : โมเมนตัมกำไรสุทธิ 1Q/68 คาดชะลอ yoy, qoq",https://www.aira.co.th/upload/Update_1731460674_42245.pdf,หทัยชนก มูลวงศ์,2025-03-06,BH,BUY,96.0,178.0,178.5,180.0,180.0
03/03/2568 BCH : กำไร 4Q/67 หดตัวแรง yoy และ qoq จากรายการพิเศษ,https://www.aira.co.th/upload/202411_1731460591_0449.pdf,ศักดิ์นรินทร์ ศศานนท์,2025-03-03,BCH,BUY,11.5,16.1,16.0,16.0,16.0
27/02/2568 BANPU : กำไรจากการดำเนินงาน 4Q/67 อ่อนตัวลง ตามราคาถ่านหินที่ลดลง และมีขาดทุนจากการด้อยค่าเงินลงทุน,https://www.aira.co.th/upload/Result_1731287400_91063.pdf,หทัยชนก มูลวงศ์,2025-02-27,BANPU,BUY,90.0,4.14,4.44,4.44,4.44
27/02/2568 BDMS : งบ 4Q/67 กำไรโต yoy และ qoq สวนทางกับฤดูกาล,https://www.aira.co.th/upload/202411_1731028437_06564.pdf,ศักดิ์นรินทร์ ศศานนท์,2025-02-27,BDMS,BUY,7.6,24.5,24.2,24.2,24.2
27/02/2568 IVL: ผลการดำเนินงาน 4Q/67 อ่อนตัวลง จากส่วนต่างผลิตภัณฑ์ที่ลดลง คาดจะได้เปรียบเชิงการค้าจากโรงงานที่ตั้งอยู่ในสหรัฐฯ,https://www.aira.co.th/upload/202411_1731028250_3864.pdf,ศักดิ์นรินทร์ ศศานนท์,2025-02-27,IVL,BUY,38.0,19.3,20.5,21.5,21.9
26/02/2568 CPALL : กำไรปกติ 4Q/67 ดีกว่าเราและตลาดคาดค่อนข้างมาก,https://www.aira.co.th/upload/202411_1730855256_83239.pdf,ศักดิ์นรินทร์ ศศานนท์,2025-02-26,CPALL,SELL,1.4,54.25,54.0,54.0,54.0
25/02/2568 ICHI : กำไรสุทธิ 4Q/67 ปรับลงแรง yoy และ qoq,https://www.aira.co.th/upload/Previe_1730423282_49832.pdf,หทัยชนก มูลวงศ์,2025-02-25,ICHI,BUY,80.0,12.4,12.7,13.1,13.1
24/02/2568 PCE : ผลการดำเนินงาน 4Q/67 เติบโตโดดเด่น จากกำไรขั้นต้นที่เพิ่มสูงขึ้น ตามการเพิ่มขึ้นของราคาน้ำมันปาล์มดิบในตลาดโลก,https://www.aira.co.th/upload/202410_1730164505_15467.pdf,ศักดิ์นรินทร์ ศศานนท์,2025-02-24,PCE,BUY,164.0,3.3,3.32,3.32,3.32
21/02/2568 PTT: ผลการดำเนินงานปกติในช่วง 4Q/67 ฟื้นตัวขึ้น qoq แต่กำไรสุทธิลดลงจากขาดทุนอนุพันธ์และขาดทุนอัตราแลกเปลี่ยน,https://www.aira.co.th/upload/Previe_1729471781_34892.pdf,หทัยชนก มูลวงศ์,2025-02-21,PTT,BUY,28.0,32.25,32.25,32.25,32.25
19/02/2568 CPAXT : กำไรปกติ 4Q/67 ดีกว่าคาดเล็กน้อย; โมเมนตัมเดือน ม.ค. ยังโตดีต่อเนื่อง yoy,https://www.aira.co.th/upload/Previe_1728608711_26041.pdf,หทัยชนก มูลวงศ์,2025-02-19,CPAXT,BUY,0.0,28.25,28.75,28.75,28.75
18/02/2568 PTTGC : ผลการดำเนินงานปกติ 4Q/67 อ่อนตัวลง และยังได้รับผลกระทบจากการตั้งด้อยค่า Vencorex และ PTTAC,https://www.aira.co.th/upload/Previe_1728350966_4378.pdf,หทัยชนก มูลวงศ์,2025-02-18,PTTGC,BUY,38.0,19.3,19.4,19.4,19.4
17/02/2568 ITC : ผลการดำเนินงาน 4Q/67 อ่อนแอ จากต้นทุนการผลิต และ SG&A ที่สูง แต่ภาพรวมทั้งปียังแข็งแกร่ง,https://www.aira.co.th/upload/202408_1724995915_0979.pdf,ศักดิ์นรินทร์ ศศานนท์,2025-02-17,ITC,BUY,3.25,18.6,18.9,18.9,18.9
13/02/2568 OR: ผลการดำเนินงาน 4Q/67 ฟื้นตัวขึ้น จากค่าการตลาดที่เพิ่มขึ้น ในขณะที่ร้าน Cafe Amazon ยังคงขยายสาขาต่อเนื่อง,https://www.aira.co.th/upload/Update_1724638872_26953.pdf,หทัยชนก มูลวงศ์,2025-02-13,OR,BUY,2.94,12.2,12.5,12.5,12.5
11/02/2568 IRPC: ผลการดำเนินงาน 4Q/67 ขาดทุนต่อเนื่อง แม้ GIM ฟื้นตัว แต่ยังคงต่ำกว่าจุดคุ้มทุน ธุรกิจปิโตรเคมีฟื้นตัวได้ช้า,https://www.aira.co.th/upload/Update_1724116023_29019.pdf,หทัยชนก มูลวงศ์,2025-02-11,IRPC,BUY,96.0,1.03,1.03,1.03,1.03
29/01/2568 OSP : คาดกำไรปกติ 4Q/67 ชะลอตัวต่อ qoq,https://www.aira.co.th/upload/Result_1723770829_45764.pdf,หทัยชนก มูลวงศ์,2025-01-29,OSP,BUY,47.0,17.6,17.1,17.1,17.1
22/01/2568 KTB : KTB รายงานกำไร 4Q67 ใกล้เคียงกับที่ตลาดคาดไว้ แต่ราคาหุ้นเข้าสู่โซนที่แพงเกินไป,https://www.aira.co.th/upload/Update_1723684242_68592.pdf,หทัยชนก มูลวงศ์,2025-01-22,KTB,BUY,90.0,23.0,23.4,23.4,23.8
22/01/2568 KBANK : ลูกหนี้ Stage 2 ปรับเพิ่มขึ้นค่อนข้างมากกดดันราคาหุ้นแค่ในระยะสั้น ปี’68 Credit Cost ปรับตัวลดลงสู่ระดับปกติ,https://www.aira.co.th/upload/Result_1723684208_19412.pdf,หทัยชนก มูลวงศ์,2025-01-22,KBANK,BUY,40.0,159.5,161.0,163.0,163.0
17/01/2568 CPAXT : คาดกำไรปกติ 4Q/67 โตดี yoy และ qoq ; โดยปี 68 ผบห.ประเมินเป้ายอดขายโต,https://www.aira.co.th/upload/202408_1723598244_20818.pdf,ศักดิ์นรินทร์ ศศานนท์,2025-01-17,CPAXT,BUY,20.9,29.0,29.0,29.0,29.0
13/01/2568 PTTEP : คาดผลการดำเนินงาน 4Q/67 ทรงตัว แม้ว่าราคาน้ำมันดิบลดลง แต่มีปริมาณผลิตเพิ่มขึ้น,https://www.aira.co.th/upload/Result_1723598042_89683.pdf,หทัยชนก มูลวงศ์,2025-01-13,PTTEP,BUY,112.0,127.0,130.0,130.0,130.0
18/11/2567 CENTEL : กำไร 3Q/67 โตแรง yoy; สวนทางกับโมเมนตัม 4Q/67 คาดกำไรชะลอ yoy และ qoq,https://www.aira.co.th/upload/Result_1745471653_52214.pdf,หทัยชนก มูลวงศ์,2024-11-18,CENTEL,BUY,230.0,37.25,38.0,38.0,38.0
14/11/2567 CRC : กำไร 3Q/67 ดีกว่าคาดจากค่าใช้จ่ายและอัตราภาษีลดลง,https://www.aira.co.th/upload/Previe_1745371958_02625.pdf,หทัยชนก มูลวงศ์,2024-11-14,CRC,BUY,72.0,32.75,33.75,35.0,35.0
13/11/2567 CBG : โมเมนตัมการดำเนินงาน 4Q/67 ดีขึ้นเล็กน้อย qoq,https://www.aira.co.th/upload/Previe_1744162046_12995.pdf,หทัยชนก มูลวงศ์,2024-11-13,CBG,BUY,39.0,80.25,79.75,80.0,80.0
"13/11/2567 AP : 3Q67 – กำไรสุทธิ 1,450 ล้านบาท (+14%qoq และ -15%yoy) แรงหนุนจาก Backlog และ Condo-JV",https://www.aira.co.th/upload/Result_1723511239_10573.pdf,หทัยชนก มูลวงศ์,2024-11-13,AP,BUY,8.0,8.55,8.75,8.85,9.05
12/11/2567 IVL : ผลการดำเนินงาน 3Q/67 ฟื้นตัว จากส่วนต่างผลิตภัณฑ์ที่สูงขึ้นและคาดจะได้เปรียบเชิงการค้าจากโรงงานที่ตั้งอยู่ในสหรัฐฯ,https://www.aira.co.th/upload/202408_1723169277_21174.pdf,ศักดิ์นรินทร์ ศศานนท์,2024-11-12,IVL,BUY,25.75,26.5,26.0,26.0,26.0
11/11/2567 CBG : กำไรสุทธิ 3Q/67 ดีตามคาด โต yoy และ qoq,https://www.aira.co.th/upload/202408_1723169241_13723.pdf,ศักดิ์นรินทร์ ศศานนท์,2024-11-11,CBG,BUY,19.6,75.5,80.25,80.25,80.25
"08/11/2567 BSRC : ค่าการกลั่นในช่วง 3Q/67 อ่อนตัวลง แต่ปริมาณจำหน่ายเพิ่มสูงขึ้น yoy, เริ่มเห็น synergy ร่วมกับ BCP",https://www.aira.co.th/upload/Result_1723165504_6786.pdf,หทัยชนก มูลวงศ์,2024-11-08,BSRC,BUY,20.8,7.1,7.5,7.75,7.75
08/11/2567 BCP : ผลการดำเนินงาน 3Q/67 อ่อนตัวลง จากค่าการกลั่นที่ลดลง และผลขาดทุนจากสต็อกน้ำมัน แต่ธุรกิจทรัพยากรฯ กำไรดี,https://www.aira.co.th/upload/202408_1723099163_81954.pdf,ศักดิ์นรินทร์ ศศานนท์,2024-11-08,BCP,BUY,0.0,33.25,32.75,32.75,32.75
06/11/2567 IRPC : ผลการดำเนินงาน 3Q/67 ขาดทุน จาก GIM ที่อยู่ในระดับต่ำและขาดทุนสต็อกน้ำมัน,https://www.aira.co.th/upload/202408_1722994042_31119.pdf,ศักดิ์นรินทร์ ศศานนท์,2024-11-06,IRPC,SELL,1.48,1.43,1.43,1.43,1.43
01/11/2567 CPN : โมเมนตัมการดำเนินงาน 3Q/67 ชะลอตัว,https://www.aira.co.th/upload/Result_1722993217_35793.pdf,หทัยชนก มูลวงศ์,2024-11-01,CPN,BUY,11.2,63.0,64.25,64.25,64.25
29/10/2567 PTTEP : ผลการดำเนินงาน 3Q/67 อ่อนตัวลง ตามคาด เป็นไปตามราคาน้ำมันดิบที่ลดลง แนะจับตาความเสี่ยงด้านภูมิรัฐศาสตร์,https://www.aira.co.th/upload/Previe_1722474278_88518.pdf,หทัยชนก มูลวงศ์,2024-10-29,PTTEP,BUY,80.0,125.5,131.0,131.0,131.0
22/10/2567 SCB : SCB รายงานกำไร 3Q67 Surprise ตลาด ตัวเต็งผู้ได้รับใบอนุญาต Virtual Bank,https://www.aira.co.th/upload/Previe_1721783164_43572.pdf,หทัยชนก มูลวงศ์,2024-10-22,SCB,BUY,32.0,113.0,115.0,115.0,115.0
11/10/2567 CPALL : คาดกำไรปกติ 3Q/67 โต 36.3% yoy,https://www.aira.co.th/upload/Previe_1720573742_11108.pdf,หทัยชนก มูลวงศ์,2024-10-11,CPALL,BUY,11.8,65.25,67.5,67.5,67.5
08/10/2567 CPAXT : คาดกำไรปกติ 3Q/67 ดีขึ้น yoy และ qoq,https://www.aira.co.th/upload/202407_1720416636_44905.pdf,ศักดิ์นรินทร์ ศศานนท์,2024-10-08,CPAXT,BUY,190.0,31.25,32.5,34.25,34.25
27/09/2567 PTT PTTEP : Stock Alert,https://www.aira.co.th/upload/202406_1719364079_02765.pdf,ศักดิ์นรินทร์ ศศานนท์,2024-09-27,PTT,BUY,56.5,33.75,34.0,34.25,34.25
30/08/2567 EGCO : คาดผลการดำเนินงาน 2H/67 จะฟื้นตัวโดดเด่น จากการรับรู้ผลการดำเนินงานของโรงไฟฟ้าทั้งในและต่างประเทศ,https://www.aira.co.th/upload/Update_1718154426_96156.pdf,หทัยชนก มูลวงศ์,2024-08-30,EGCO,BUY,6.7,107.0,119.5,126.0,126.0
"26/08/2567 C็HG : โมเมนตัมครึ่งหลังเติบโต hoh, yoy",https://www.aira.co.th/upload/Update_1716512573_50303.pdf,หทัยชนก มูลวงศ์,2024-08-26,HG,BUY,86.0,-1.0,-2.0,-3.0,-4.0
20/08/2567 SAPPE : โมเมนตัมครึ่งหลังโตน้อยกว่าคาดเดิม,https://www.aira.co.th/upload/202405_1715842409_22032.pdf,ศักดิ์นรินทร์ ศศานนท์,2024-08-20,SAPPE,BUY,8.0,74.0,75.5,75.5,75.5
16/08/2567 CENTEL : กำไร 2Q/67 ย่อตัว qoq จากฤดูกาล; โมเมนตัมการดำเนินงานครึ่งหลังชะลอ hoh,https://www.aira.co.th/upload/Result_1715821934_87483.pdf,หทัยชนก มูลวงศ์,2024-08-16,CENTEL,BUY,32.0,30.25,33.75,36.0,38.5
"15/08/2567 CBG : โมเมนตัมครึ่งหลังเติบโตมากขึ้น hoh, yoy",https://www.aira.co.th/upload/202405_1715738301_06793.pdf,ศักดิ์นรินทร์ ศศานนท์,2024-08-15,CBG,BUY,42.0,67.25,69.0,69.5,71.75
15/08/2567 CRC : งบ 2Q/67 กำไรย่อตัว qoq จากฤดูกาล,https://www.aira.co.th/upload/202405_1715735763_4436.pdf,ศักดิ์นรินทร์ ศศานนท์,2024-08-15,CRC,BUY,4.0,25.0,28.25,29.25,31.0
14/08/2567 BDMS : งบ 2Q/67 กำไรโต yoy แต่ลดลง qoq จากฤดูกาล,https://www.aira.co.th/upload/Result_1715649065_25518.pdf,หทัยชนก มูลวงศ์,2024-08-14,BDMS,HOLD,80.0,27.0,28.0,28.0,28.0
"13/08/2567 IVL : ผลการดำเนินงาน 2Q/67 ขาดทุนจากการด้อยค่าสินทรัพย์ถาวรกว่า 25,000 ล้านบาท",https://www.aira.co.th/upload/202405_1715565393_97588.pdf,ศักดิ์นรินทร์ ศศานนท์,2024-08-13,IVL,BUY,27.0,17.0,18.4,19.2,19.5
13/08/2567 CBG : งบ 2Q/67 ออกมาดีกว่าเราและตลาดคาดเล็กน้อย,https://www.aira.co.th/upload/Result_1715562415_72533.pdf,หทัยชนก มูลวงศ์,2024-08-13,CBG,BUY,0.0,62.75,69.0,69.0,69.5
13/08/2567 SPA : กำไรสุทธิ 2Q/67 โตแผ่วลง yoy จากอัตราภาษีจ่าย,https://www.aira.co.th/upload/Result_1715562386_49465.pdf,หทัยชนก มูลวงศ์,2024-08-13,SPA,BUY,82.0,6.6,6.8,6.85,6.85
09/08/2567 PTTGC : ผลการดำเนินงานปกติ 2Q/67 อ่อนตัวลง และคาด 3Q/67 ธุรกิจปิโตรเคมียังได้รับผลกระทบจากอุปทานส่วนเกิน,https://www.aira.co.th/upload/202405_1715310001_70814.pdf,ศักดิ์นรินทร์ ศศานนท์,2024-08-09,PTTGC,BUY,68.0,23.4,24.5,25.75,25.75
09/08/2567 OR : ผลการดำเนินงาน 2Q/67 อ่อนตัวจากค่าการตลาดที่ลดลง ในขณะที่คาดค่าการตลาด 3Q/67 จะทรงตัว,https://www.aira.co.th/upload/HMPROU_1715216794_1846.pdf,หทัยชนก มูลวงศ์,2024-08-09,OR,BUY,14.6,14.0,14.6,15.5,15.6
09/08/2567 ICHI : กำไรปกติ 2Q/67 ต่ำคาดเล็กน้อย; ประเมินครึ่งหลัง Conservative ย่อตัว hoh,https://www.aira.co.th/upload/Result_1715130748_76577.pdf,หทัยชนก มูลวงศ์,2024-08-09,ICHI,BUY,11.4,14.8,14.6,14.8,15.6
08/08/2567 TOP : ผลการดำเนินงาน 2Q/67 อ่อนตัวลง จากค่าการกลั่นที่ลดลง,https://www.aira.co.th/upload/202404_1714026904_47548.pdf,ศักดิ์นรินทร์ ศศานนท์,2024-08-08,TOP,BUY,190.0,49.0,52.0,53.25,53.75
07/08/2567 DOHOME : งบ 2Q/67 ต่ำคาดจาก SG&A เพิ่มกว่าคาด; แต่ SSSG ลบน้อยลง และเดือน ก.ค. พลิกเป็นบวกแล้ว,https://www.aira.co.th/upload/202505_1747287211_62301.pdf,ศักดิ์นรินทร์ ศศานนท์,2024-08-07,DOHOME,BUY,6.5,9.6409049,9.73635941,10.40454094,11.16817697
24/07/2567 OSP : คาดกำไรปกติ 2Q/67 All Time High ดีกว่าคาดก่อนหน้าเล็กน้อย,https://www.aira.co.th/upload/202505_1747188812_65635.pdf,ศักดิ์นรินทร์ ศศานนท์,2024-07-24,OSP,SELL,20.2,23.6,24.1,24.1,24.1
19/07/2567 BBL : กำไร 2Q67 สูงกว่าที่ตลาดคาดไว้ 14% ประเด็น EA คาดว่ากระทบไม่มาก,https://www.aira.co.th/upload/Previe_1713834234_82661.pdf,หทัยชนก มูลวงศ์,2024-07-19,BBL,BUY,34.0,132.5,136.0,137.0,137.0
26/06/2567 Gulf : PDP 2024 มุ่งเน้นไปที่โรงไฟฟ้าพลังงานหมุนเวียน ซึ่งเป็นโอกาสของ GULF,https://www.aira.co.th/upload/Previe_1712711245_69113.pdf,หทัยชนก มูลวงศ์,2024-06-26,PDP,BUY,78.0,-1.0,-2.0,-3.0,-4.0
12/06/2567 TACC : ครึ่งหลังเติบโตชะลอลงจากผลกระทบต้นทุนกาแฟ,https://www.aira.co.th/upload/Previe_1712624238_09251.pdf,หทัยชนก มูลวงศ์,2024-06-12,TACC,BUY,38.0,4.86,4.76,4.84,4.86
24/05/2567 CBG : โมเมนตัมกำไร 2Q/67 เร่งตัวขึ้น yoy และ qoq,https://www.aira.co.th/upload/Update_1710897083_68401.pdf,หทัยชนก มูลวงศ์,2024-05-24,CBG,BUY,27.0,70.75,71.25,71.25,71.25
16/05/2567 ORI : 1Q67 – กำไรสุทธิที่ 464 ลบ. (+887%qoq และ -42%yoy) น้อยกว่าตลาดคาด,https://www.aira.co.th/upload/202403_1710393983_38905.pdf,ศักดิ์นรินทร์ ศศานนท์,2024-05-16,ORI,BUY,12.0,6.1,6.15,6.15,6.15
16/05/2567 OSP : ประกาศกำไร 1Q/67 เพิ่มขึ้น 73.2% yoy และ 39.9% qoq,https://www.aira.co.th/upload/Update_1710378846_09099.pdf,หทัยชนก มูลวงศ์,2024-05-16,OSP,BUY,31.0,21.6,21.8,22.8,23.4
15/05/2567 PTT : ผลการดำเนินงานปกติในช่วง 1Q/67 ฟื้นตัว จากธุรกิจค้าระหว่างประเทศ,https://www.aira.co.th/upload/Update_1709687689_41463.pdf,หทัยชนก มูลวงศ์,2024-05-15,PTT,BUY,36.0,33.75,34.0,34.0,34.0
15/05/2567 SC : 1Q67 – กำไรสุทธิที่ 183 ล้านบาท (-79%qoq และ -66%yoy),https://www.aira.co.th/upload/202403_1709514127_21895.pdf,ศักดิ์นรินทร์ ศศานนท์,2024-05-15,SC,BUY,10.2,3.28,3.24,3.24,3.24
15/05/2567 SAPPE : กำไร 1Q/67 ทำ New High ดีกว่าเราคาด 6%,https://www.aira.co.th/upload/Result_1709255603_8252.pdf,หทัยชนก มูลวงศ์,2024-05-15,SAPPE,BUY,80.0,100.5,103.0,105.0,106.5
14/05/2567 ICHI : กำไรปกติ 1Q/67 ดีกว่าคาดเล็กน้อยจากค่าใช้จ่ายและอัตราภาษีจ่ายที่น้อยกว่าคาด,https://www.aira.co.th/upload/Result_1709168906_96538.pdf,หทัยชนก มูลวงศ์,2024-05-14,ICHI,BUY,31.0,18.0,18.4,18.4,18.4
14/05/2567 CPN : กำไรปกติ 1Q/67 ดีกว่าคาดเล็กน้อยจากค่าใช้จ่ายและอัตราภาษีจ่ายที่น้อยกว่าคาด,https://www.aira.co.th/upload/Result_1709168878_58374.pdf,หทัยชนก มูลวงศ์,2024-05-14,CPN,BUY,27.0,62.75,63.0,63.0,63.0
13/05/2567 IVL : ผลการดำเนินงาน 1Q/67 ฟื้นตัว จาก margin ที่เพิ่มขึ้น แต่ค่าใช้จ่ายดอกเบี้ยยังสูงขึ้นต่อเนื่อง,https://www.aira.co.th/upload/Result_1708997539_27273.pdf,หทัยชนก มูลวงศ์,2024-05-13,IVL,BUY,15.0,24.3,25.0,25.0,25.0
13/05/2567 CPALL : งบ 1Q/67 กำไรดีกว่าเราและตลาดคาดมากจากธุรกิจ CVS เติบโตดีกว่าคาด,https://www.aira.co.th/upload/ICHI27_1708996015_9295.pdf,หทัยชนก มูลวงศ์,2024-05-13,CPALL,BUY,22.0,60.5,61.0,61.0,61.0
13/05/2567 CBG : งบ 1Q/67 ออกมาใกล้เคียงคาด ย่อตัว 3.2% qoq แม้ฟื้นตัวแรง 138.2% yoy จากฐานต่ำ,https://www.aira.co.th/upload/Result_1708995983_13363.pdf,หทัยชนก มูลวงศ์,2024-05-13,CBG,BUY,78.0,71.25,71.25,71.25,71.25
10/05/2567 TOP : ผลการดำเนินงาน 1Q/67 ฟื้นตัวดี จากค่าการกลั่นที่ฟื้นตัว แต่คาด 2Q/67 จะอ่อนตัวลง,https://www.aira.co.th/upload/Result_1708563909_03873.pdf,หทัยชนก มูลวงศ์,2024-05-10,TOP,BUY,36.0,53.5,52.75,52.75,52.75
09/05/2567 HOMEPRO : แนวโน้ม 2Q/67 ทรงตัวถึงปรับลงเล็กน้อย qoq; ลุ้น 2H/67,https://www.aira.co.th/upload/ICHI22_1708563876_51587.pdf,หทัยชนก มูลวงศ์,2024-05-09,HOMEPRO,BUY,22.0,-1.0,-2.0,-3.0,-4.0
08/05/2567 DOHOME : งบ 1Q/67 ออกมาใกล้เคียงคาด; แต่ SSSG Qtd ดูดีขึ้น,https://www.aira.co.th/upload/202402_1708478086_69399.pdf,ศักดิ์นรินทร์ ศศานนท์,2024-05-08,DOHOME,BUY,14.5,10.78635895,11.54999498,11.8363585,11.8363585
25/04/2567 PTTEP : ผลการดำเนินงาน 1Q/67 ฟื้นตัวขึ้นเล็กน้อย แต่คาดผลการดำเนินงานยังคงแข็งแกร่งตามราคาน้ำมันดิบ,https://www.aira.co.th/upload/Result_1708304659_64141.pdf,หทัยชนก มูลวงศ์,2024-04-25,PTTEP,BUY,85.0,157.0,156.5,156.5,158.5
23/04/2567 OSP : โมเมนตัมกำไรปกติ 1Q/67 โตแรง Double Digit yoy และ qoq จากทั้งยอดขายและมาร์จิ้นที่ดีขึ้น,https://www.aira.co.th/upload/202402_1708046715_15382.pdf,ศักดิ์นรินทร์ ศศานนท์,2024-04-23,OSP,BUY,42.0,21.0,21.5,21.5,21.6
22/04/2567 SCB : กำไร 1Q67 ดีกว่าที่ตลาดคาดไว้ถึง 14% และ คุณภาพสินทรัพย์ค่อยๆปรับตัวดีขึ้น,https://www.aira.co.th/upload/Previe_1708046067_98675.pdf,หทัยชนก มูลวงศ์,2024-04-22,SCB,BUY,80.0,104.5,106.5,106.5,108.0
"19/04/2567 BBL : กำไร 1Q67 ต่ำกว่าที่ตลาดคาดไว้ 8% ,NPL ปรับเพิ่มขึ้นมากแต่ไม่ใช่เรื่องน่ากังวล",https://www.aira.co.th/upload/Result_1707959720_39795.pdf,หทัยชนก มูลวงศ์,2024-04-19,BBL,BUY,38.0,138.5,142.0,142.0,142.0
10/04/2567 CPALL : คาดกำไรปกติ 1Q/67 เติบโต 29.1% yoy,https://www.aira.co.th/upload/202402_1707874260_95496.pdf,ศักดิ์นรินทร์ ศศานนท์,2024-04-10,CPALL,BUY,23.1,57.25,57.0,57.75,58.75
09/04/2567 CPAXT : คาดกำไรปกติ 1Q/67 โตสูงต่อเนื่อง yoy,https://www.aira.co.th/upload/202402_1707702609_06386.pdf,ศักดิ์นรินทร์ ศศานนท์,2024-04-09,CPAXT,BUY,65.0,32.5,32.0,32.75,33.25
20/03/2567 ILM : แนวโน้มกำไรสุทธิ 1Q/67 โตต่อเนื่อง yoy,https://www.aira.co.th/upload/Previe_1707181845_20962.pdf,หทัยชนก มูลวงศ์,2024-03-20,ILM,BUY,15.5,21.5,21.8,21.8,21.8
14/03/2567 BSRC : คาดจะได้รับประโยชน์จากการที่ BCP เข้าซื้อกิจการ ทั้งด้านการผลิต การตลาดและบริหารจัดการ,https://www.aira.co.th/upload/Previe_1707095188_98003.pdf,หทัยชนก มูลวงศ์,2024-03-14,BSRC,BUY,10.5,9.9,10.2,10.2,10.4
14/03/2567 OSP : เป้ายอดขายปีนี้ โต Mid –single-digit ; ภาพ 5 ปี เพิ่มขึ้น 9% CAGR,https://www.aira.co.th/upload/Previe_1706490397_09717.pdf,หทัยชนก มูลวงศ์,2024-03-14,OSP,BUY,31.0,20.6,20.5,20.6,20.8
04/03/2567 ORI : 4Q66 – กำไรสุทธิที่ 47 ลบ. (-95%qoq และ -95%yoy),https://www.aira.co.th/upload/Previe_1705886240_19517.pdf,หทัยชนก มูลวงศ์,2024-03-04,ORI,BUY,6.4,6.85,7.2,7.2,7.2
29/02/2567 OSP : กำไรปกติ 4Q/66 ใกล้เคียงคาด,https://www.aira.co.th/upload/Previe_1743040777_92548.pdf,ศักดิ์นรินทร์ ศศานนท์,2024-02-29,OSP,BUY,20.7,20.3,19.2,20.6,20.6
29/02/2567 ILM : กำไรสุทธิ 4Q/66 All Time High ใกล้เคียงคาด,https://www.aira.co.th/upload/Update_1742347574_08682.pdf,หทัยชนก มูลวงศ์,2024-02-29,ILM,BUY,18.2,22.4,22.2,22.2,22.2
27/02/2567 SPA : กำไร 4Q/66 พุ่งแรงกว่าคาด,https://www.aira.co.th/upload/Update_1741310511_25276.pdf,หทัยชนก มูลวงศ์,2024-02-27,SPA,BUY,21.0,9.6000048,9.333338,9.333338,9.333338
27/02/2567 ICHI : แนวโน้มการดำเนินงาน 1H/67 ยังสตรอง,https://www.aira.co.th/upload/Update_1741223902_6347.pdf,หทัยชนก มูลวงศ์,2024-02-27,ICHI,BUY,230.0,17.5,18.6,18.6,18.6
27/02/2567 CPALL : กำไรปกติ 4Q/66 ดีกว่าเราและตลาดคาด; โมเมนตัมกำไร 1Q/67 โตต่อ yoy,https://www.aira.co.th/upload/Update_1705626742_18563.pdf,หทัยชนก มูลวงศ์,2024-02-27,CPALL,BUY,112.0,58.5,58.0,58.25,58.25
22/02/2567 BDMS : งบ 4Q/66 ออกมาดีกว่าเราและตลาดคาด; โมเมนตัมกำไร 1Q/67 ไปต่อ yoy,https://www.aira.co.th/upload/202401_1704692109_50346.pdf,ศักดิ์นรินทร์ ศศานนท์,2024-02-22,BDMS,BUY,190.0,30.0,29.5,29.5,29.5
22/02/2567 ICHI : กำไรสุทธิ 4Q/66 เติบโต 52.6% yoy,https://www.aira.co.th/upload/Update_1700702081_16304.pdf,หทัยชนก มูลวงศ์,2024-02-22,ICHI,BUY,27.5,17.4,18.6,18.6,18.6
21/02/2567 AP : 4Q66 – กำไรสุทธิ 1.34 พันล้านบาท (-21%qoq และ +16%yoy) เริ่มเห็น Cancellation ที่สูงขึ้น,https://www.aira.co.th/upload/Update_1700529411_6971.pdf,หทัยชนก มูลวงศ์,2024-02-21,AP,BUY,115.0,10.8,10.9,10.9,10.9
"19/02/2567 CBG : ประกาศกำไร 4Q/66 ฟื้นตัว yoy, qoq ใกล้เคียงคาด",https://www.aira.co.th/upload/ICHI17_1700182109_96625.pdf,หทัยชนก มูลวงศ์,2024-02-19,CBG,BUY,22.0,72.5,73.0,73.0,73.0
16/02/2567 PTT : ผลการดำเนินงาน 4Q/66 เพิ่มขึ้นเล็กน้อย จากกำไรอัตราแลกเปลี่ยนและตราสารอนุพันธ์เป็นหลัก,https://www.aira.co.th/upload/202311_1700028546_00317.pdf,ศักดิ์นรินทร์ ศศานนท์,2024-02-16,PTT,BUY,12.2,35.75,36.0,36.0,36.0
16/02/2567 CPN : คาดกำไรปกติ 4Q/66 เพียงทรงตัว qoq,https://www.aira.co.th/upload/202311_1700011526_06151.pdf,ศักดิ์นรินทร์ ศศานนท์,2024-02-16,CPN,BUY,3.5,63.5,66.25,67.0,67.0
15/02/2567 CPAXT : กำไร 4Q/66 ดีกว่าคาด เพิ่มขึ้น 32.8% yoy และ 91.3% qoq,https://www.aira.co.th/upload/Result_1699932770_08359.pdf,หทัยชนก มูลวงศ์,2024-02-15,CPAXT,BUY,35.0,32.75,34.25,34.25,34.25
14/02/2567 OR : ผลการดำเนินงาน 4Q/66 อ่อนตัวจากค่าการตลาดที่ลดลง,https://www.aira.co.th/upload/202311_1699927754_81839.pdf,ศักดิ์นรินทร์ ศศานนท์,2024-02-14,OR,BUY,42.0,18.1,18.8,18.9,18.9
12/02/2567 GPSC : ผลการดำเนินงาน 4Q/66 อ่อนตัวลง แต่คาดจะฟื้นตัวในช่วง 1Q/67,https://www.aira.co.th/upload/Result_1699926581_50119.pdf,หทัยชนก มูลวงศ์,2024-02-12,GPSC,BUY,50.0,52.25,52.25,53.25,53.25
06/02/2567 SPA : คาดกำไรสุทธิ 4Q/66 ทำ All Time High,https://www.aira.co.th/upload/202311_1699854572_7675.pdf,ศักดิ์นรินทร์ ศศานนท์,2024-02-06,SPA,BUY,27.0,8.8666711,8.8666711,9.0000045,9.6000048
05/02/2567 EKH : คาดกำไรปกติ 4Q/66 โตเด่น yoy; โมเมนตัม 1Q/67 ลูกค้า IVF จีนช่วยหนุนต่อ,https://www.aira.co.th/upload/Result_1699854541_82973.pdf,หทัยชนก มูลวงศ์,2024-02-05,EKH,BUY,82.0,7.3658555,7.317075,7.414636,7.609758
29/01/2567 OSP : คาดกำไร 4Q/66 ชะลอตัว qoq จากรายการพิเศษ,https://www.aira.co.th/upload/Result_1699840766_29286.pdf,หทัยชนก มูลวงศ์,2024-01-29,OSP,BUY,85.0,21.5,21.1,21.2,21.2
22/01/2567 KTB : รายงานผลกำไร 4Q66 ต่ำกว่าตลาดคาดไว้มาก จาก ECL ที่ปรับเพิ่มเกินคาด,https://www.aira.co.th/upload/Result_1699840699_81904.pdf,หทัยชนก มูลวงศ์,2024-01-22,KTB,BUY,77.0,16.2,16.5,16.5,16.5
22/01/2567 ERW : คาดกำไรปกติ 4Q/66 ดีขึ้น yoy และ qoq ตามภาคท่องเที่ยวฟื้นตัว,https://www.aira.co.th/upload/RESULT_1699594954_40405.pdf,หทัยชนก มูลวงศ์,2024-01-22,ERW,BUY,40.0,4.82,5.15,5.15,5.15
19/01/2567 SAPPE : คาดกำไร 4Q/66 เติบโต yoy แต่ชะลอ qoq จากฤดูกาล; ก่อนจะกลับมาเติบโตอีกครั้ง 1Q/67,https://www.aira.co.th/upload/202311_1699582342_06379.pdf,ศักดิ์นรินทร์ ศศานนท์,2024-01-19,SAPPE,BUY,63.5,84.75,88.75,88.75,88.75
08/01/2567 PTTEP : คาดผลการดำเนินงาน 4Q/66 อ่อนตัวลง หลักๆ มาจากการตัดจำหน่ายด้อยค่าโครงการที่ Mozambique,https://www.aira.co.th/upload/HMPROU_1699578767_09106.pdf,หทัยชนก มูลวงศ์,2024-01-08,PTTEP,BUY,17.0,149.0,150.5,150.5,150.5
23/11/2566 ILM : แนวโน้ม 4Q/66 บวก yoy และ qoq,https://www.aira.co.th/upload/202311_1699497561_7187.pdf,ศักดิ์นรินทร์ ศศานนท์,2023-11-23,ILM,BUY,2.32,25.0,24.2,24.2,24.2
21/11/2566 SAPPE : 4Q/66 ชะลอ qoq จากฤดูกาล; เป้ายอดขายปีหน้าโต 20-25%,https://www.aira.co.th/upload/202311_1699492944_84331.pdf,ศักดิ์นรินทร์ ศศานนท์,2023-11-21,SAPPE,BUY,49.0,76.75,76.5,76.5,76.5
17/11/2566 ICHI : โมเมนตัมกำไร 4Q/66 ดีขึ้น ต่อเนื่อง yoy,https://www.aira.co.th/upload/202311_1699428112_6726.pdf,ศักดิ์นรินทร์ ศศานนท์,2023-11-17,ICHI,BUY,50.5,15.0,15.3,15.3,15.3
15/11/2566 ORI : 3Q66 – กำไรสุทธิที่ 1.00 พันลบ. (+15%qoq และ +18%yoy),https://www.aira.co.th/upload/202311_1699407354_64086.pdf,ศักดิ์นรินทร์ ศศานนท์,2023-11-15,ORI,HOLD,2.45,9.05,8.85,8.85,8.85
15/11/2566 SPALI : 3Q66 – กำไรสุทธิ 1.19 พันล้านบาท (-30%qoq และ -57%yoy),https://www.aira.co.th/upload/202311_1699323719_33318.pdf,ศักดิ์นรินทร์ ศศานนท์,2023-11-15,SPALI,BUY,65.0,18.2,18.2,18.2,18.2
14/11/2566 BDMS : กำไรสุทธิ 3Q/66 ดีกว่าเราและตลาดคาด,https://www.aira.co.th/upload/Result_1698731287_72054.pdf,หทัยชนก มูลวงศ์,2023-11-14,BDMS,BUY,17.5,25.75,26.75,26.75,26.75
14/11/2566 PTT : ผลการดำเนินงาน 3Q/66 ฟื้นตัวขึ้นโดดเด่น จากธุรกิจโรงกลั่นและปิโตรเคมี คาด 4Q/66 อ่อนตัวจากขาดทุนสต็อกน้ำมัน,https://www.aira.co.th/upload/Previe_1698628399_25746.pdf,หทัยชนก มูลวงศ์,2023-11-14,PTT,BUY,82.0,33.75,34.75,34.75,35.75
13/11/2566 BGRIM : ผลการดำเนินงาน 3Q/66 อ่อนตัวลง แต่อนาคตคาดยังคงเติบโตจากธุรกิจแบตเตอรี่และรถโดยสารไฟฟ้า,https://www.aira.co.th/upload/Previe_1698109479_15969.pdf,หทัยชนก มูลวงศ์,2023-11-13,BGRIM,BUY,26.5,23.9,26.75,27.0,27.0
13/11/2566 CBG : การดำเนินงาน 3Q/66 ต่ำคาด แม้กำไรเพิ่มขึ้น yoy และ qoq,https://www.aira.co.th/upload/Previe_1697677816_17605.pdf,หทัยชนก มูลวงศ์,2023-11-13,CBG,BUY,0.0,75.75,80.0,80.0,82.5
13/11/2566 CPALL : กำไรปกติ 3Q/66 ดีกว่าคาดเล็กน้อยจาก CVS เติบโตกว่าคาด,https://www.aira.co.th/upload/Previe_1697088897_00996.pdf,หทัยชนก มูลวงศ์,2023-11-13,CPALL,BUY,96.0,55.25,57.25,57.25,57.25
10/11/2566 MINT : กำไรปกติ 3Q/66 ใกล้เคียงคาด,https://www.aira.co.th/upload/Previe_1696899987_25675.pdf,หทัยชนก มูลวงศ์,2023-11-10,MINT,BUY,77.0,27.75,28.0,28.0,28.0
10/11/2566 GULF : ผลการดำเนินงาน 3Q/66 เติบโตต่อเนื่องจากการเปิดดำเนินงานโรงไฟฟ้า,https://www.aira.co.th/upload/Result_1740963553_81166.pdf,หทัยชนก มูลวงศ์,2023-11-10,GULF,BUY,21.0,44.75,46.75,46.75,46.75
10/11/2566 HMPRO : โมเมนตัมกำไร 4Q/66 ฟื้นตัว qoq,https://www.aira.co.th/upload/202502_1740648839_03061.pdf,ศักดิ์นรินทร์ ศศานนท์,2023-11-10,HMPRO,BUY,10.4,12.1,12.3,12.3,12.3
09/11/2566 IRPC : ผลการดำเนินงาน 3Q/66 ฟื้นตัวขึ้น จากกำไรจากสต็อกน้ำมัน,https://www.aira.co.th/upload/202502_1740623180_25878.pdf,ศักดิ์นรินทร์ ศศานนท์,2023-11-09,IRPC,SELL,4.5,2.0,2.06,2.08,2.08
09/11/2566 BCP : ผลการดำเนินงาน 3Q/66 ฟื้นตัวขึ้น จากกำไรจากสต็อกน้ำมัน,https://www.aira.co.th/upload/Result_1740619568_534.pdf,หทัยชนก มูลวงศ์,2023-11-09,BCP,BUY,36.0,39.75,44.25,44.5,44.5
08/11/2566 QH : 3Q66 – กำไรสุทธิที่ 634 ล้านบาท (-5%qoq และ -1%yoy),https://www.aira.co.th/upload/202310_1696571350_57935.pdf,ศักดิ์นรินทร์ ศศานนท์,2023-11-08,QH,BUY,13.6,2.24,2.22,2.22,2.22
07/11/2566 GPSC : ผลการดำเนินงาน 3Q/66 ฟื้นตัวขึ้น จากต้นทุนก๊าซและถ่านหินที่ลดลง,https://www.aira.co.th/upload/202309_1695863036_35668.pdf,หทัยชนก มูลวงศ์,2023-11-07,GPSC,BUY,15.1,41.25,43.75,48.0,48.0
31/10/2566 HMPRO : รายงานกำไรสุทธิ 3Q/66 ทรงตัว yoy,https://www.aira.co.th/upload/202308_1692839843_5674.pdf,หทัยชนก มูลวงศ์,2023-10-31,HMPRO,BUY,22.0,11.9,11.9,12.2,12.3
30/10/2566 CPN : คาดกำไรปกติ 3Q/66 ดีขึ้น yoy และ qoq,https://www.aira.co.th/upload/202308_1692666648_49175.pdf,หทัยชนก มูลวงศ์,2023-10-30,CPN,BUY,6.2,62.75,64.0,66.5,67.75
24/10/2566 KBANK : รายงานกำไรดีกว่าที่ตลาดคาดไว้ 6% พร้อมคุณภาพสินทรัพย์ที่เริ่มทรงตัว,https://www.aira.co.th/upload/202308_1692579724_74701.pdf,หทัยชนก มูลวงศ์,2023-10-24,KBANK,BUY,3.86,130.5,133.0,133.5,133.5
24/10/2566 ILM : แนวโน้มกำไร 3Q/66 เติบโตดีกว่าคาดก่อนหน้า,https://www.aira.co.th/upload/202308_1692149270_27936.pdf,หทัยชนก มูลวงศ์,2023-10-24,ILM,BUY,77.0,23.4,23.5,23.7,23.7
20/10/2566 KTB : รายงานผลกำไร 3Q66 เติบโต 1.2%QoQ และ 21.6%YoY,https://www.aira.co.th/upload/202308_1692150453_29911.pdf,หทัยชนก มูลวงศ์,2023-10-20,KTB,BUY,5.4,19.2,19.2,19.2,19.2
19/10/2566 EKH : คาดกำไรปกติ 3Q/66 ฟื้นตัว yoy และ qoq,https://www.aira.co.th/upload/202308_1692149163_20622.pdf,หทัยชนก มูลวงศ์,2023-10-19,EKH,BUY,48.0,7.609758,7.512197,7.6585385,7.6585385
"12/10/2566 SAPPE : กำไร 3Q/66 New High แต่ไม่ตื่นเต้น, ลุ้นฟื้น 1Q/67",https://www.aira.co.th/upload/202308_1692063145_94229.pdf,ศักดิ์นรินทร์ ศศานนท์,2023-10-12,SAPPE,SELL,11.6,84.75,82.25,82.25,82.75
"06/10/2566 ORI : 3Q66-Presale ออกมาตามคาดที่ 12,475 ลบ. เป็นระดับ new high อีกครั้ง (+7%yoy) น่าพอใจเมื่อเทียบกับกลุ่มฯ",https://www.aira.co.th/upload/202308_1692061943_60644.pdf,หทัยชนก มูลวงศ์,2023-10-06,ORI,BUY,42.0,9.9,10.3,10.4,10.4
"24/08/2566 BCH : 2H/66 ฟื้นตัวแรง hoh, yoy; โดยเฉพาะ 3Q/66",https://www.aira.co.th/upload/202308_1691717492_52172.pdf,หทัยชนก มูลวงศ์,2023-08-24,BCH,BUY,14.2,19.2,19.8,19.8,19.8
22/08/2566 ERW : Outlook 3Q/66 สดใสกว่ากลุ่ม,https://www.aira.co.th/upload/202308_1691717395_29515.pdf,หทัยชนก มูลวงศ์,2023-08-22,ERW,BUY,80.0,5.05,5.6,5.7,5.7
21/08/2566 CHG : High Season ช่วยหนุนผลประกอบการ 3Q/66,https://www.aira.co.th/upload/202308_1691717367_74558.pdf,ศักดิ์นรินทร์ ศศานนท์,2023-08-21,CHG,SELL,9.1,3.06,3.08,3.2,3.32
"16/08/2566 CPN : รายงานกำไรปกติ 2Q/66 ดีกว่าคาด 5%, ครึ่งหลังเติบโตมากขึ้น",https://www.aira.co.th/upload/202308_1691717086_60948.pdf,ศักดิ์นรินทร์ ศศานนท์,2023-08-16,CPN,BUY,42.0,67.75,68.25,69.5,69.5
16/08/2566 ERW : การดำเนินงาน 2Q/66 ดีขึ้น yoy แม้ชะลอ qoq จากฤดูกาล,https://www.aira.co.th/upload/202308_1691634674_47902.pdf,ศักดิ์นรินทร์ ศศานนท์,2023-08-16,ERW,BUY,0.0,5.1,5.2,5.7,5.7
16/08/2566 CRC : รายงานกำไรสุทธิ 2Q/66 เติบโต 5.4% yoy,https://www.aira.co.th/upload/202308_1691634531_66084.pdf,ศักดิ์นรินทร์ ศศานนท์,2023-08-16,CRC,BUY,3.0,38.5,41.25,41.5,41.5
"15/08/2566 PSH : 2Q66 –กำไรสุทธิที่ 1,038 ล้านบาท (+59%qoq และ +141%yoy)",https://www.aira.co.th/upload/202308_1691634482_67703.pdf,ศักดิ์นรินทร์ ศศานนท์,2023-08-15,PSH,BUY,46.5,13.1,13.3,13.6,13.6
15/08/2566 CENTEL : การดำเนินงาน 2Q/66 น่าผิดหวัง จากโรงแรมพลิกขาดทุน,https://www.aira.co.th/upload/202308_1691629994_52201.pdf,หทัยชนก มูลวงศ์,2023-08-15,CENTEL,BUY,17.5,42.5,43.75,47.25,47.75
15/08/2566 MINT : ผลการดำเนินงาน 2Q/66 ดีขึ้น yoy และ qoq,https://www.aira.co.th/upload/202308_1691543617_27148.pdf,ศักดิ์นรินทร์ ศศานนท์,2023-08-15,MINT,BUY,20.0,32.5,33.5,33.5,33.5
11/08/2566 IVL : 2Q/66 ผลการดำเนินงานหลักฟื้นตัวเล็กน้อย qoq แต่ช่วง 2H/66 ยังคงท้าทาย,https://www.aira.co.th/upload/202308_1691543577_69523.pdf,ศักดิ์นรินทร์ ศศานนท์,2023-08-11,IVL,BUY,10.8,33.0,31.5,31.5,31.5
11/08/2566 SPA : ผลการดำเนินงานปกติ 2Q/66 ดีขึ้น yoy และ qoq,https://www.aira.co.th/upload/202308_1691370335_43561.pdf,หทัยชนก มูลวงศ์,2023-08-11,SPA,BUY,18.0,8.2666708,8.5333376,8.666671,8.7333377
11/08/2566 CBG : รายงานกำไรสุทธิ 2Q/66 ฟื้นตัวดีขึ้น 82.5% qoq,https://www.aira.co.th/upload/202308_1690941853_3119.pdf,ศักดิ์นรินทร์ ศศานนท์,2023-08-11,CBG,BUY,4.25,74.75,78.0,85.75,87.25
11/08/2566 BANPU : 2Q/66 ผลการดำเนินงานปกติลดลง ตามราคาถ่านหินและก๊าซที่ลดลง,https://www.aira.co.th/upload/202307_1690263525_04306.pdf,หทัยชนก มูลวงศ์,2023-08-11,BANPU,BUY,18.8,9.35,9.25,9.25,9.25
10/08/2566 TOP : ผลการดำเนินงาน 2Q/66 อ่อนตัวตามคาด แต่จะฟื้นตัวดี,https://www.aira.co.th/upload/202307_1690161520_07039.pdf,ศักดิ์นรินทร์ ศศานนท์,2023-08-10,TOP,BUY,25.5,54.5,54.0,54.0,54.0
10/08/2566 IRPC : ผลการดำเนินงาน 2Q/66 ขาดทุน จากค่าการกลั่นลดลง,https://www.aira.co.th/upload/202307_1689731476_03925.pdf,หทัยชนก มูลวงศ์,2023-08-10,IRPC,BUY,34.0,2.4,2.4,2.4,2.4
10/08/2566 BCP : ผลการดำเนินงาน 2Q/66 อ่อนตัวลง แต่คาดว่าจะฟื้นตัว,https://www.aira.co.th/upload/202307_1689054950_63296.pdf,หทัยชนก มูลวงศ์,2023-08-10,BCP,BUY,76.0,38.0,38.5,38.5,39.75
10/08/2566 ICHI : กำไร 2Q/66 All Time High และสูงกว่าคาด 6%,https://www.aira.co.th/upload/202307_1688951254_01157.pdf,หทัยชนก มูลวงศ์,2023-08-10,ICHI,BUY,42.0,14.4,15.9,16.7,17.3
09/08/2566 AP : 2Q66 – กำไรสุทธิ 1.55 พันล้านบาท (+5%qoq และ -2%yoy),https://www.aira.co.th/upload/Result_1740535386_94494.pdf,หทัยชนก มูลวงศ์,2023-08-09,AP,BUY,82.0,11.9,11.9,12.2,12.7
07/08/2566 HMPRO : แนวโน้ม 3Q/66 ทรงตัวถึงย่อเล็กน้อย qoq จากหน้าฝน,https://www.aira.co.th/upload/202502_1740375429_01602.pdf,ศักดิ์นรินทร์ ศศานนท์,2023-08-07,HMPRO,BUY,4.2,13.7,13.7,13.7,13.8
02/08/2566 PTTEP : ผลการดำเนินงานหลัก 2Q/66 อ่อนตัวลง ตามราคาก๊าซ น้ำมันที่ลดลง,https://www.aira.co.th/upload/Result_1740360495_37228.pdf,หทัยชนก มูลวงศ์,2023-08-02,PTTEP,BUY,9.5,162.5,163.0,166.5,166.5
24/07/2566 SCB : รายงานกำไรมากกว่าตลาดคาดไว้ 9.5% และ New NPL ที่เพิ่มขึ้น,https://www.aira.co.th/upload/202300_1688089716_70885.pdf,หทัยชนก มูลวงศ์,2023-07-24,SCB,BUY,14.0,107.5,112.5,112.5,114.0
"24/07/2566 SPALI : 2Q66 – Presale 8,256 ลบ.(-9%qoq, -12%yoy)",https://www.aira.co.th/upload/202306_1687484361_08121.pdf,หทัยชนก มูลวงศ์,2023-07-24,SPALI,BUY,2.0,20.9,21.2,21.2,21.2
19/07/2566 OSP : คาดกำไรปกติ 2Q/66 ฟื้นตัวเด่น 25.6% qoq,https://www.aira.co.th/upload/202305_1684975353_32458.pdf,หทัยชนก มูลวงศ์,2023-07-19,OSP,BUY,22.8,29.5,29.25,29.5,29.5
11/07/2566 CPALL : คาดกำไรปกติ 2Q/66 ฟื้นตัวได้ดี yoy แม้เติบโตลดลง,https://www.aira.co.th/upload/202305_1684888746_16888.pdf,หทัยชนก มูลวงศ์,2023-07-11,CPALL,BUY,80.0,62.75,63.25,63.5,63.5
10/07/2566 CPAXT : คาดกำไรปกติ 2Q/66 ดีขึ้น 4.8% yoy,https://www.aira.co.th/upload/202305_1684283731_39516.pdf,หทัยชนก มูลวงศ์,2023-07-10,CPAXT,BUY,15.5,33.5,35.0,35.0,35.0
30/06/2566 SPA : การดำเนินงานปกติ 2Q/66 ดีขึ้น yoy และ qoq,https://www.aira.co.th/upload/202305_1684199984_54897.pdf,ศักดิ์นรินทร์ ศศานนท์,2023-06-30,SPA,BUY,53.0,7.8666706,8.000004,8.000004,8.000004
23/06/2566 MINT : โมเมนตัมการดำเนินงาน 2Q/66 ฟื้นตัวเด่นสุดในกลุ่ม,https://www.aira.co.th/upload/202305_1684197720_90434.pdf,ศักดิ์นรินทร์ ศศานนท์,2023-06-23,MINT,BUY,2.1,33.5,34.25,34.5,34.5
25/05/2566 ILM : โมเมนตัมการดำเนินงาน 2Q/66 ฟื้นตัวต่อ yoy,https://www.aira.co.th/upload/202305_1684197604_9687.pdf,หทัยชนก มูลวงศ์,2023-05-25,ILM,BUY,58.0,21.8,22.5,23.0,23.0
"24/05/2566 CBG: การดำเนินงานผ่านจุดต่ำสุดแล้ว, ลุ้น 2Q/66",https://www.aira.co.th/upload/202305_1684131017_6248.pdf,ศักดิ์นรินทร์ ศศานนท์,2023-05-24,CBG,BUY,45.0,66.75,67.75,67.75,70.75
17/05/2566 ICHI : คาดการดำเนินงาน 2Q/66 กำไรทำ All Time High จากเป็น High Season,https://www.aira.co.th/upload/202305_1684111325_4931.pdf,ศักดิ์นรินทร์ ศศานนท์,2023-05-17,ICHI,HOLD,11.6,13.5,14.7,14.7,15.2
"16/05/2566 SIRI : 1Q66 –กำไรสุทธิที่ 1,582 ล้านบาท (-12%qoq และ +422%yoy)",https://www.aira.co.th/upload/202305_1683852240_8302.pdf,ศักดิ์นรินทร์ ศศานนท์,2023-05-16,SIRI,BUY,37.5,1.79,1.77,1.77,1.84
"16/05/2566 CENTEL : รายงานงบ 1Q/66 กำไรดีขึ้น yoy, qoq จากโรงแรมช่วยหนุน",https://www.aira.co.th/upload/202305_1683852136_56724.pdf,หทัยชนก มูลวงศ์,2023-05-16,CENTEL,BUY,33.0,51.75,50.0,51.5,51.5
15/05/2566 BGRIM : ผลการดำเนินงาน 1Q/66 ฟื้นตัว จากการขึ้นค่า ft,https://www.aira.co.th/upload/202305_1683852008_51489.pdf,ศักดิ์นรินทร์ ศศานนท์,2023-05-15,BGRIM,HOLD,3.86,37.0,37.5,38.5,38.5
15/05/2566 PSH : 1Q66 –กำไรสุทธิที่ 653 ล้านบาท (-44%qoq และ +18%yoy) GPM ดีขึ้น,https://www.aira.co.th/upload/202305_1683789019_22971.pdf,ศักดิ์นรินทร์ ศศานนท์,2023-05-15,PSH,BUY,76.5,12.7,12.6,12.6,12.6
12/05/2566 UBA : 1Q66 รายงานกำไรลดลง 2%QoQ แต่เพิ่มขึ้น 26%YoY,https://www.aira.co.th/upload/202305_1683786078_13729.pdf,ศักดิ์นรินทร์ ศศานนท์,2023-05-12,UBA,BUY,4.9,1.6,1.58,1.58,1.58
12/05/2566 BCP : ผลการดำเนินงาน 1Q/66 ฟื้นตัวขึ้น แต่คาดว่าจะอ่อนตัวลงอีกครั้งในช่วง 2Q/66,https://www.aira.co.th/upload/202305_1683781574_91841.pdf,หทัยชนก มูลวงศ์,2023-05-12,BCP,BUY,15.5,31.5,31.5,32.0,33.25
12/05/2566 BDMS : รายงานกำไรสุทธิ 1Q/66 แม้ทรงตัว yoy แต่ดีขึ้น qoq,https://www.aira.co.th/upload/202305_1683777061_79795.pdf,ศักดิ์นรินทร์ ศศานนท์,2023-05-12,BDMS,BUY,26.5,29.75,29.5,29.5,29.5
12/05/2566 LPN : 1Q66 –กำไรสุทธิที่ 145 ล้านบาท (+287%qoq และ -24%yoy),https://www.aira.co.th/upload/202305_1683679973_00901.pdf,ศักดิ์นรินทร์ ศศานนท์,2023-05-12,LPN,HOLD,2.48,4.56,4.4,4.4,4.42
11/05/2566 TOP : ผลการดำเนินงาน 1Q/66 ฟื้นตัวจากค่าการกลั่นที่ยังอยู่ในระดับสูง และผลขาดทุนจากสต็อกน้ำมันที่ลดลง,https://www.aira.co.th/upload/202305_1683679111_39267.pdf,ศักดิ์นรินทร์ ศศานนท์,2023-05-11,TOP,BUY,14.5,47.5,47.25,47.25,47.25
11/05/2566 SC : 1Q66 –กำไรสุทธิที่ 535 ล้านบาท (-43%qoq และ +38%yoy),https://www.aira.co.th/upload/202305_1683592804_64176.pdf,หทัยชนก มูลวงศ์,2023-05-11,SC,BUY,41.0,4.48,4.58,4.58,4.58
"11/05/2566 ICHI : รายงานงบ 1Q/66 กำไรดีเกินคาด, ลุ้น 2Q/66 โตต่อ",https://www.aira.co.th/upload/202305_1683506524_51564.pdf,หทัยชนก มูลวงศ์,2023-05-11,ICHI,BUY,18.8,13.0,13.8,14.7,14.7
11/05/2566 OR : ผลการดำเนินงาน 1Q/66 ฟื้นตัว จากค่าการตลาดที่สูงขึ้น,https://www.aira.co.th/upload/202304_1682642292_0141.pdf,ศักดิ์นรินทร์ ศศานนท์,2023-05-11,OR,BUY,178.0,22.8,23.1,23.1,23.1
10/05/2566 QH : 1Q66 –กำไรสุทธิที่ 592 ล้านบาท (-10%qoq และ +1%yoy),https://www.aira.co.th/upload/202304_1682383122_44335.pdf,หทัยชนก มูลวงศ์,2023-05-10,QH,BUY,34.0,2.38,2.36,2.36,2.36
"09/05/2566 MINT : รายงานงบ 1Q/66 ใกล้เคียงคาด, ลุ้นการดำเนินงาน 2Q/66 ฟื้นตัว",https://www.aira.co.th/upload/202304_1682037566_20421.pdf,ศักดิ์นรินทร์ ศศานนท์,2023-05-09,MINT,BUY,76.5,33.5,33.25,33.75,34.0
28/04/2566 PTTEP : ผลการดำเนินงาน 1Q/66 ฟื้นตัวจากผลขาดทุนรายการพิเศษที่ลดลง,https://www.aira.co.th/upload/202304_1681173688_27684.pdf,หทัยชนก มูลวงศ์,2023-04-28,PTTEP,BUY,24.0,148.0,149.5,149.5,150.0
25/04/2566 OSP : ภาพการดำเนินงาน 1Q/66 เร่งตัวขึ้นชัดเจน qoq,https://www.aira.co.th/upload/202304_1680827956_41256.pdf,หทัยชนก มูลวงศ์,2023-04-25,OSP,BUY,44.0,28.5,29.5,31.25,31.25
21/04/2566 KBANK : รายงานกำไรต่ำกว่าคาดจาก ECL ที่สูงเกินคาด,https://www.aira.co.th/upload/202304_1680827815_42948.pdf,ศักดิ์นรินทร์ ศศานนท์,2023-04-21,KBANK,BUY,27.75,128.5,127.5,134.0,137.0
20/04/2566 KTB : รายงานผลกำไร 1Q66 ดีกว่าคาด จาก OPEX และ NIM,https://www.aira.co.th/upload/Result_1739927771_22275.pdf,หทัยชนก มูลวงศ์,2023-04-20,KTB,BUY,39.0,17.5,18.2,18.7,18.8
11/04/2566 ILM : คาดกำไรสุทธิ 1Q/66 อยู่ที่ 168 ล้านบาท โตต่อ 4.7% yoy,https://www.aira.co.th/upload/202502_1739841984_46721.pdf,ศักดิ์นรินทร์ ศศานนท์,2023-04-11,ILM,SELL,20.3,20.5,20.6,21.7,21.7
07/04/2566 MAKRO : คาดผลการดำเนินงาน 1Q/66 เติบโต yoy,https://www.aira.co.th/upload/RESULT_1739841383_19643.pdf,หทัยชนก มูลวงศ์,2023-04-07,MAKRO,BUY,38.0,-1.0,-2.0,-3.0,-4.0
01/03/2566 RATCH: ผลการดำเนินงาน 4Q/65 ขาดทุนสุทธิจากค่าใช้จ่ายในการบริหารที่เพิ่มขึ้น,https://www.aira.co.th/upload/202302_1677459810_33624.pdf,ศักดิ์นรินทร์ ศศานนท์,2023-03-01,RATCH,BUY,105.0,39.5,39.5,39.5,39.5
28/02/2566 QH: กำไรสุทธิ 4Q65 ที่ 655 ล้านบาท +2%qoq และ +33%yoy,https://www.aira.co.th/upload/202302_1677027326_25693.pdf,จิตรลดา เลขาพันธ์,2023-02-28,QH,BUY,27.75,2.4,2.42,2.42,2.42
27/02/2566 ESSO: ผลการดำเนินงาน 4Q/65 ขาดทุนน้อยลง มีผลขาดทุนสต็อกน้ำมัน แต่คาดจะฟื้นตัวขึ้นในช่วง 1Q/66,https://www.aira.co.th/upload/202210_1665105572_21415.pdf,จิตรลดา เลขาพันธ์,2023-02-27,ESSO,BUY,1.3,-1.0,-2.0,-3.0,-4.0
27/02/2566 PIMO: กำไร 4Q65 ถูกกดดันจากค่าเงินบาทและต้นทุนสต๊อกวัตถุดิบที่สูง,https://www.aira.co.th/upload/202209_1663722757_58257.pdf,ศักดิ์นรินทร์ ศศานนท์,2023-02-27,PIMO,BUY,62.0,2.34,2.32,2.32,2.32
27/02/2566 EA: EBITDA เพิ่มขึ้นโดดเด่น จากธุรกิจกลุ่มยานยนต์ไฟฟ้าและขนส่งมวลชนเป็นหลัก,https://www.aira.co.th/upload/202208_1661476349_50754.pdf,ศักดิ์นรินทร์ ศศานนท์,2023-02-27,EA,BUY,16.4,53.339271,54.029747,54.029747,54.029747
21/02/2566 BCP: ผลการดำเนินงานอ่อนตัวลงจากผลขาดทุนสต็อกน้ำมันจำนวนมาก,https://www.aira.co.th/upload/202208_1660614084_7944.pdf,จิตรลดา เลขาพันธ์,2023-02-21,BCP,BUY,0.15,35.25,34.75,34.75,34.75
17/02/2566 PTT: ผลการดำเนินงานฟื้นตัว มีกำไรจากอัตราแลกเปลี่ยนและตราสารอนุพันธ์ แต่มีขาดทุนจากสต็อกน้ำมัน,https://www.aira.co.th/upload/202208_1660528990_18786.pdf,ศักดิ์นรินทร์ ศศานนท์,2023-02-17,PTT,BUY,42.0,33.5,33.25,33.25,33.25
17/02/2566 GULF: กำไรจากการดำเนินงานเพิ่มขึ้น โดดเด่น จากต้นทุนก๊าซธรรมชาติ ที่ลดลง,https://www.aira.co.th/upload/202208_1660528909_75423.pdf,จิตรถดา เลขาพันธ์,2023-02-17,GULF,SELL,0.15,54.25,54.5,54.5,54.5
16/02/2566 OR: ค่าการตลาดอ่อนตัวลง จากต้นทุนน้ำมันราคาสูง,https://www.aira.co.th/upload/202208_1660183724_07965.pdf,ศักดิ์นรินทร์ ศศานนท์,2023-02-16,OR,BUY,6.0,22.7,23.0,23.0,23.0
13/02/2566 GPSC: ผลการดำเนินงาน 4Q/65 ขาดทุน จากต้นทุนเชื้อเพลิงที่เพิ่มขึ้น,https://www.aira.co.th/upload/202208_1660183619_04262.pdf,จิตรลดา เลขาพันธ์,2023-02-13,GPSC,BUY,4.3,72.0,71.25,71.25,71.25
08/02/2566 CK: คาด 4Q/65 กำไรสุทธิ 304 ล้านบาท โดดเด่น yoy แต่ -47%qoq,https://www.aira.co.th/upload/202208_1660097690_80981.pdf,ศักดิ์นรินทร์ ศศานนท์,2023-02-08,CK,BUY,25.0,22.4,22.5,22.5,22.5
31/01/2566 PTTEP: ผลการดำเนินงาน 4Q/65 อ่อนตัวลง จากรายการพิเศษจำนวนมาก,https://www.aira.co.th/upload/202208_1660095809_40306.pdf,จิตรถดา เลขาพันธ์,2023-01-31,PTTEP,BUY,0.035,171.5,173.0,173.0,173.0
23/01/2566 KBANK: แนะติดตามการประชุมนักวิเคราะห์ 27 ม.ค.นี้,https://www.aira.co.th/upload/202208_1660010288_88666.pdf,จิตรถดา เลขาพันธ์,2023-01-23,KBANK,SELL,0.1,143.5,147.5,147.5,147.5
20/01/2566 BBL: กำไรสุทธิ 4Q65 ต่ำกว่าตลาดคาด 15% แต่มุมมองเรายังเป็นบวก,https://www.aira.co.th/upload/202208_1659320685_11214.pdf,ศักดิ์นรินทร์ ศศานนท์,2023-01-20,BBL,BUY,200.0,151.5,162.5,162.5,164.0
17/11/2565 ASW: มีเป้าหมายเติบโตต่อเนื่องไม่ต่ำกว่า 20% ถึงปี’68,https://www.aira.co.th/upload/202207_1657764222_8835.pdf,ศักดิ์นรินทร์ ศศานนท์,2022-11-17,ASW,BUY,42.0,7.75,7.8,7.8,7.8
"15/11/2565 SIRI: กำไรสุทธิ 1,268 ล้านบาท +38%qoq และ +102%yoy ตามการโอนแนวราบระดับบน",https://www.aira.co.th/upload/202207_1657589414_52039.pdf,จิตรถดา เลขาพันธ์,2022-11-15,SIRI,HOLD,1.24,1.37,1.45,1.55,1.71
15/11/2565 BGRIM: ผลการดำเนินงานขาดทุน จากการขาดทุนอัตราแลกเปลี่ยน,https://www.aira.co.th/upload/202207_1657244450_90568.pdf,จิตรถดา เลขาพันธ์,2022-11-15,BGRIM,BUY,12.8,37.25,37.0,37.5,38.0
15/11/2565 CK: 3Q/65 กำไรสุทธิ 571 ล้านบาท +91%qoq และ 108%yoy,https://www.aira.co.th/upload/202207_1657071349_58276.pdf,ศักดิ์นรินทร์ ศศานนท์,2022-11-15,CK,BUY,200.0,23.200001,24.200001,24.4,24.700001
"14/11/2565 EGCO: ผลการดำเนินงานปกติ ลดลง และมีขาดทุนจาก อัตราแลกเปลี่ยน 3,966 ล้านบาท",https://www.aira.co.th/upload/202206_1654758335_062.pdf,ศักดิ์นรินทร์ ศศานนท์,2022-11-14,EGCO,BUY,78.0,173.0,174.5,174.5,174.5
14/11/2565 GULF: กำไรจากการดำเนินงานลดลงจากต้นทุนก๊าซธรรมชาติที่สูงขึ้น,https://www.aira.co.th/upload/202205_1653530014_58091.pdf,จิตรลดา เลขาพันธ์,2022-11-14,GULF,BUY,23.8,51.5,52.0,52.5,54.0
11/11/2565 SC: กำไรสุทธิ 3Q65 ที่ 652 ล้านบาท +12% qoq และ +20% yoy คาด 4Q/65 กำไรสุทธิสูงสุดของปี,https://www.aira.co.th/upload/202205_1652923124_83541.pdf,จิตรลดา เลขาพันธ์,2022-11-11,SC,BUY,4.4,3.96,3.96,3.96,4.4
10/11/2565 IVL: ส่วนต่างผลิตภัณฑ์ลดลง และมีผลขาดทุนจากสินค้าคงเหลือ,https://www.aira.co.th/upload/202205_1652837616_85986.pdf,จิตรถดา เลขาพันธ์,2022-11-10,IVL,BUY,14.75,42.75,43.25,43.25,43.25
"09/11/2565 SPALI: 3Q65 กำไรสุทธิ 2,749 ล้านบาท +33% qoq และ +31% yoy ดีกว่าตลาดคาด",https://www.aira.co.th/upload/202302_1676942241_64315.pdf,ศักดิ์นรินทร์ ศศานนท์,2022-11-09,SPALI,BUY,45.5,22.0,23.1,23.1,23.1
09/11/2565 OR: ค่าการตลาดอ่อนตัวลง จากต้นทุนน้ำมันราคาสูง แต่คาดจะฟื้นตัวได้ในช่วง 4Q/65,https://www.aira.co.th/upload/202302_1676600199_85577.pdf,ศักดิ์นรินทร์ ศศานนท์,2022-11-09,OR,BUY,42.0,24.3,24.6,24.6,24.6
09/11/2565 AP: 3Q65 กำไรสุทธิ 1.42 พันล้านบาท -10%qoq แต่ +38%yoy,https://www.aira.co.th/upload/202302_1676600034_13628.pdf,ศักดิ์นรินทร์ ศศานนท์,2022-11-09,AP,BUY,62.0,10.3,10.4,10.4,10.4
04/11/2565 LPN: กำไรสุทธิ 3Q65 โดดเด่น YoY จากฐานที่ต่ำ และการขาย big lot “Office Condo”,https://www.aira.co.th/upload/202302_1676514499_55501.pdf,ศักดิ์นรินทร์ ศศานนท์,2022-11-04,LPN,BUY,26.5,4.5,4.58,4.58,4.58
"25/10/2565 SCB: กำไร 3Q65 เติบโต 2.57%QoQ และ 16.91%YoY แต่ต่ำกว่าตลาดคาด 3.66% อยู่ที่ 10,309 ล้านบาท",https://www.aira.co.th/upload/202302_1676254088_56883.pdf,ศักดิ์นรินทร์ ศศานนท์,2022-10-25,SCB,BUY,0.0,105.5,106.5,108.0,108.0
"21/10/2565 KBANK : 3Q65 กำไรสุทธิ 10,574 ล้านบาท ต่ำกว่าตลาดคาด 4.7%",https://www.aira.co.th/upload/202205_1652341194_97949.pdf,ศักดิ์นรินทร์ ศศานนท์,2022-10-21,KBANK,BUY,15.0,146.0,146.0,149.5,149.5
17/10/2565 STEC: หลังสถานการณ์ต่างๆ คลี่คลาย คาดผลการดำเนินงานปี’66 เริ่มกลับสู่ระดับปกติ,https://www.aira.co.th/upload/202205_1652254635_17749.pdf,ศักดิ์นรินทร์ ศศานนท์,2022-10-17,STEC,BUY,78.0,-1.0,-2.0,-3.0,-4.0
"07/10/2565 SCC: คาด 3Q/65 กำไรสุทธิอยู่ในระดับต่ำมาก ~2,003 ล้านบาท",https://www.aira.co.th/upload/202205_1652233753_08366.pdf,ศักดิ์นรินทร์ ศศานนท์,2022-10-07,SCC,BUY,6.0,318.0,318.0,327.0,337.0
07/10/2565 SIRI : Presale กลับมาเติบโตโดดเด่นในรอบ 16 ไตรมาส,https://www.aira.co.th/upload/202205_1652231622_92366.pdf,จิตรลดา เลขาพันธ์,2022-10-07,SIRI,BUY,26.0,1.19,1.28,1.3,1.34
26/08/2565 ESSO: คาดผลการดำเนินงาน 3Q/65 จะอ่อนตัวลง qoq,https://www.aira.co.th/upload/202205_1651802651_49408.pdf,จิตรลดา เลขาพันธ์,2022-08-26,ESSO,HOLD,4.1,-1.0,-2.0,-3.0,-4.0
15/08/2565 PTT: ผลการดำเนินงานของธุรกิจหลักทั้งก๊าซ สำรวจและผลิต ปิโตรเคมี,https://www.aira.co.th/upload/202204_1650419029_13194.pdf,ศักดิ์นรินทร์ ศศานนท์,2022-08-15,PTT,BUY,72.0,-1.0,-2.0,-3.0,-4.0
10/08/2565 DCC: 2Q/65 กำไรสุทธิ 433 ล้านบาท -5%yoy และ -19%qoq,https://www.aira.co.th/upload/202203_1646791093_76173.pdf,จิตรลดา เลขาพันธ์,2022-08-10,DCC,BUY,23.8,2.8,2.82,2.82,2.82
09/08/2565 TOP: ผลการดำเนินงาน 2Q/65 ยังคงแข็งแกร่ง,https://www.aira.co.th/upload/202203_1646186498_3583.pdf,ประวิทย์ เจียวก๊ก,2022-08-09,TOP,BUY,23.79,50.754741,56.725887,60.25,63.0
09/08/2565 VNG: 2Q/65 กำไรสุทธิ 359 ล้านบาท +6%yoy และ 13%qoq ดีกว่าที่คาดทรงตัว qoq,https://www.aira.co.th/upload/202203_1646125307_15608.pdf,จิตรถดา เลขาพันธ์,2022-08-09,VNG,BUY,4.0,7.4,7.25,7.25,7.25
01/08/2565 PTTEP: ผลการดำเนินงาน 2Q/65 ยังคงแข็งแกร่ง ตามราคาน้ำมันดิบที่สูงขึ้น,https://www.aira.co.th/upload/202203_1646100104_58883.pdf,จิตรลดา เลขาพันธ์,2022-08-01,PTTEP,BUY,14.75,159.5,161.5,161.5,161.5
25/07/2565 TOP: ผลการดำเนินงาน 2Q/65 ยังคงแข็งแกร่ง แต่ค่าการกลั่นเริ่มลดลง,https://www.aira.co.th/upload/202202_1645766879_30747.pdf,ศักดิ์นรินทร์ ศศานนท์,2022-07-25,TOP,BUY,105.0,50.00834775,51.749932,51.99872975,57.0
22/07/2565 KBANK : รายงานกำไรใกล้เคียงกับที่ตลาดคาด แต่ NPL กลับเพิ่มขึ้น,https://www.aira.co.th/upload/202202_1645668148_0852.pdf,ศักดิ์นรินทร์ ศศานนท์,2022-07-22,KBANK,BUY,6.0,140.0,146.0,149.5,154.0
22/07/2565 SCB : รายงานกำไร 2Q65 ลดลง 1.4%QoQ แต่เพิ่มขึ้น 14%YoY,https://www.aira.co.th/upload/202202_1645583440_26388.pdf,จิตรลดา เลขาพันธ์,2022-07-22,SCB,BUY,26.0,97.0,102.0,107.0,108.0
"14/07/2565 PTT: บอร์ด PTT อนุมัติสนับสนุนเงินเข้ากองทุนน้ำมันจำนวน 3,000 ล้านบาท",https://www.aira.co.th/upload/202202_1645581156_40402.pdf,จิตรลดา เลขาพันธ์,2022-07-14,PTT,BUY,60.0,33.75,34.5,35.25,36.5
12/07/2565 SIRI : Presale แนวราบ กลับมาเติบโตโดดเด่นอีกครั้ง,https://www.aira.co.th/upload/202202_1645426609_36572.pdf,จิตรลดา เลขาพันธ์,2022-07-12,SIRI,BUY,60.0,1.01,1.0,1.01,1.01
08/07/2565 AP : Presale แนวสูงเติบโตโดดเด่นเป็นไตรมาสที่ 2 ติดต่อกัน,https://www.aira.co.th/upload/202202_1645408508_40114.pdf,ศักดิ์นรินทร์ ศศานนท์,2022-07-08,AP,BUY,0.0,9.9,9.85,9.85,10.2
06/07/2565 PTTEP: คาดผลการดำเนินงาน 2Q/65 ยังคงแข็งแกร่ง ตามราคาน้ำมันดิบที่สูงขึ้น,https://www.aira.co.th/upload/202202_1645408418_91001.pdf,จิตรถดา เลขาพันธ์,2022-07-06,PTTEP,BUY,0.7,155.5,161.5,161.5,162.5
09/06/2565 TOP: เพิ่มทุนเกิด Dilution effect เพียง 11.9%,https://www.aira.co.th/upload/202202_1645063257_09047.pdf,ศักดิ์นรินทร์ ศศานนท์,2022-06-09,TOP,BUY,28.5,60.45785325,56.47708925,56.47708925,56.47708925
25/05/2565 VNG: คาด 2Q/65 ผลการดำเนินงานทรงตัว qoq,https://www.aira.co.th/upload/202303_1680136702_96354.pdf,ประวิทย์ เจียวก๊ก,2022-05-25,VNG,BUY,1.82,8.15,8.5,8.5,8.5
19/05/2565 SC: มีมุมมองเชิงบวกต่อการเร่งเปิด10 โครงการใหม่ ใน 2Q65,https://www.aira.co.th/upload/202303_1677630710_01308.pdf,ศักดิ์นรินทร์ ศศานนท์,2022-05-19,SC,BUY,0.0,3.36,3.42,3.48,3.48
18/05/2565 STEC: 1Q/65 มี Gross Profit Margin ดีขึ้นทั้ง qoq และ yoy หลังงานที่มี Margin ต่ำจบลง,https://www.aira.co.th/upload/202303_1677630650_04265.pdf,ศักดิ์นรินทร์ ศศานนท์,2022-05-18,STEC,BUY,48.0,-1.0,-2.0,-3.0,-4.0
17/05/2565 GULF: รับรู้กำไรจากธุรกิจไฟฟ้าเพิ่มขึ้นแนะจับตาการขยายธุรกิจเข้าสู่ Digital platform,https://www.aira.co.th/upload/202303_1677630494_18972.pdf,จิตรถดา เลขาพันธ์,2022-05-17,GULF,BUY,2.02,46.75,47.25,48.5,48.75
13/05/2565 FSMART: กำไร 1Q65 ยังคงถูกผลกระทบจาก Covid-19 แต่คาดเติบโตก้าวกระโดด ช่วง 2Q/65 เป็นต้นไป,https://www.aira.co.th/upload/202302_1677544969_07899.pdf,ศักดิ์นรินทร์ ศศานนท์,2022-05-13,FSMART,BUY,2.52,19.5,22.1,22.799999,22.799999
12/05/2565 SPRC: ผลการดำเนินงานฟื้นตัวโดดเด่น จากค่าการกลั่นในระดับสูง,https://www.aira.co.th/upload/202202_1644892454_17619.pdf,ศักดิ์นรินทร์ ศศานนท์,2022-05-12,SPRC,SELL,55.0,10.8,12.0,12.0,12.7
"11/05/2565 CPN: กำไรสุทธิ 1Q/65 จำนวน 2,328 ล้านบาท +28%qoq",https://www.aira.co.th/upload/202202_1643863393_06237.pdf,ศักดิ์นรินทร์ ศศานนท์,2022-05-11,CPN,BUY,64.0,63.0,61.75,63.0,64.25
11/05/2565 BANPU: ผลการดำเนินงาน 1Q/65 ฟื้นตัว yoy ทั้งจากธุรกิจถ่านหินและก๊าซ,https://www.aira.co.th/upload/202202_1643854028_50809.pdf,ศรัณยู สืบสุรีย์กุล,2022-05-11,BANPU,BUY,123.0,11.8,11.9,12.2,12.6
"11/05/2565 SPALI: กำไรสุทธิ 1Q65 ที่ 1,178 ล้านบาท -60% qoq และ +59% yoy",https://www.aira.co.th/upload/202201_1643331679_54145.pdf,ศักดิ์นรินทร์ ศศานนท์,2022-05-11,SPALI,BUY,152.0,20.8,20.6,20.6,20.7
10/05/2565 DCC: 1Q/65 กำไรสุทธิ 534 ล้านบาท New High รายไตรมาส,https://www.aira.co.th/upload/202201_1643248986_28589.pdf,พลเทพ วงษ์นาค,2022-05-10,DCC,BUY,13.2,2.92,2.88,2.88,2.88
"25/04/2565 KTB: 1Q65 กำไรสุทธิ 8,780 ล้านบาท โดดเด่นทั้ง QoQ และ YoY และดีกว่าตลาดคาดไว้ถึง 48%",https://www.aira.co.th/upload/202201_1642656168_6347.pdf,จิตรลดา เลขาพันธ์,2022-04-25,KTB,HOLD,0.22,14.3,15.2,15.2,15.2
20/04/2565 TOP: คาดผลการดำเนินงาน 1Q/65 ยังคงแข็งแกร่ง จากค่าการกลั่นที่เพิ่มขึ้นอยู่ในระดับสูง,https://www.aira.co.th/upload/202201_1642124980_2145.pdf,ศักดิ์นรินทร์ ศศานนท์,2022-04-20,TOP,BUY,152.0,54.2379095,53.98911175,57.96987575,58.46747125
24/02/2565 BANPU: ผลการดำเนินงาน 4Q/64 ฟื้นตัว yoy ทั้งจากธุรกิจถ่านหินและก๊าซ,https://www.aira.co.th/upload/202111_1637717592_58878.pdf,จิตรลดา เลขาพันธ์,2022-02-24,BANPU,BUY,24.5,10.8,12.5,12.5,12.5
21/02/2565 BCP: ค่าการกลั่นฟื้นตัวโดดเด่น ในขณะที่ธุรกิจทรัพยากรธรรมชาติกำไรดีขึ้น,https://www.aira.co.th/upload/202111_1637028350_48495.pdf,จิตรลดา เลขาพันธ์,2022-02-21,BCP,BUY,24.5,29.75,31.25,32.25,32.25
17/02/2565 OR: ค่าการตลาดยังถูกกดดันจากราคาน้ำมันสูงขึ้น แต่ปริมาณขายฟื้นตัวดี,https://www.aira.co.th/upload/202111_1636942060_58175.pdf,ศักดิ์นรินทร์ ศศานนท์,2022-02-17,OR,BUY,48.0,27.0,27.25,27.25,27.25
11/02/2565 INTUCH: 4Q64 กำไรสุทธิ ลดลง1.9%QoQ ตามผลการดำเนินงานของ ADVANC,https://www.aira.co.th/upload/202302_1675837522_1685.pdf,จิตรลดา เลขาพันธ์,2022-02-11,INTUCH,BUY,25.0,-1.0,-2.0,-3.0,-4.0
"08/02/2565 ADVANC: 4Q64 มีกำไรปกติ 6,700 ล้านบาท ใกล้เคียงคาด",https://www.aira.co.th/upload/202301_1675130173_11635.pdf,ศักดิ์นรินทร์ ศศานนท์,2022-02-08,ADVANC,BUY,200.0,222.0,237.0,240.0,240.0
"27/01/2565 SCC : กำไรสุทธิ 4Q/64 อยู่ที่ 8,307 ล้านบาท เพิ่มขึ้น 22%qoq และ 3%yoy",https://www.aira.co.th/upload/202111_1636595163_16391.pdf,ศักดิ์นรินทร์ ศศานนท์,2022-01-27,SCC,BUY,34.0,389.0,388.0,391.0,399.0
19/01/2565 KBANK: KBANK Go To Crypto Currency Market,https://www.aira.co.th/upload/202111_1636504484_42105.pdf,จิตรลดา เลขาพันธ์,2022-01-19,KBANK,BUY,65.0,141.0,147.5,150.5,162.5
"13/01/2565 SCC: คาด 4Q/64 กำไรสุทธิ ~8,600 ล้านบาท +27%qoq และ +7%yoy",https://www.aira.co.th/upload/202111_1636329551_01916.pdf,ศักดิ์นรินทร์ ศศานนท์,2022-01-13,SCC,BUY,105.0,390.0,389.0,389.0,389.0
05/01/2565 TWPC: คาด 4Q/64 เติบโตโดดเด่นทั้ง QoQ และ YoY,https://www.aira.co.th/upload/202110_1635471430_67545.pdf,ศักดิ์นรินทร์ ศศานนท์,2022-01-05,TWPC,BUY,152.0,5.35,5.45,5.45,5.5
"09/12/2564 LH: เข้าซื้อ รร. ใน USA มูลค่า 1,056 ล้านบาท",https://www.aira.co.th/upload/202110_1635128203_52881.pdf,พลเทพ วงษ์นาค,2021-12-09,LH,BUY,7.9,8.65,8.8,8.8,8.9
26/11/2564 TMT: คาดปี’65 กลับสู่ระดับปกติ คาดกำไรสุทธิ 856 ล้านบาท และคาด Div.Yield ~7%,https://www.aira.co.th/upload/202110_1634780226_03676.pdf,จิตรลดา เลขาพันธ์,2021-11-26,TMT,BUY,24.5,10.2,10.2,10.4,10.4
24/11/2564 CK: คาดเร่งเปิดประมูลโครงการต่างๆ หลังล่าช้าในช่วงที่ผ่านมา,https://www.aira.co.th/upload/202110_1634282768_41849.pdf,จิตรลดา เลขาพันธ์,2021-11-24,CK,SELL,8.2,22.4,22.5,22.5,22.5
23/11/2564 AOT: 4Q64 ขาดทุนปกติ 4.2 พันล้านบาท (ตลาดคาดขาดทุนปกติ 4.1 พันล้านบาท),https://www.aira.co.th/upload/202110_1634258715_72508.pdf,ศักดิ์นรินทร์ ศศานนท์,2021-11-23,AOT,BUY,72.0,66.75,66.75,66.75,66.75
15/11/2564 EGCO : ผลการดำเนินงานปกติเพิ่มขึ้นทั้ง qoq และ yoy,https://www.aira.co.th/upload/202110_1633483030_41056.pdf,ศักดิ์นรินทร์ ศศานนท์,2021-11-15,EGCO,BUY,146.0,177.0,177.0,177.0,177.0
15/11/2564 TMT: 3Q/64 กำไรสุทธิ 341 ล้านบาท โดดเด่น yoy แต่ลดลง 44%qoq,https://www.aira.co.th/upload/202109_1631759688_90555.pdf,ศักดิ์นรินทร์ ศศานนท์,2021-11-15,TMT,BUY,64.0,10.3,10.3,10.3,10.3
09/11/2564 DCC: 3Q/64 กำไรสุทธิ 366 ล้านบาท ลดลง 11%yoy และ 19%qoq,https://www.aira.co.th/upload/202301_1673573489_02574.pdf,ศักดิ์นรินทร์ ศศานนท์,2021-11-09,DCC,BUY,45.0,2.96,3.0,3.0,3.0
08/11/2564 GPSC: ผลการดำเนินงาน 3Q/64 ลดลง จากการหยุดดำเนินงานนอกแผน,https://www.aira.co.th/upload/202301_1673227626_72439.pdf,ศักดิ์นรินทร์ ศศานนท์,2021-11-08,GPSC,BUY,200.0,76.0,75.25,77.75,77.75
05/11/2564 SMT: 3Q64 มีกำไรสุทธิ 57 ล้านบาท +2% QoQ และ +31% YoY ต่ำกว่าที่เราคาด,https://www.aira.co.th/upload/202211_1669256112_98269.pdf,จิตรลดา เลขาพันธ์,2021-11-05,SMT,BUY,25.0,6.3,6.4,6.65,6.65
"28/10/2564 SCC: กำไรสุทธิ 3Q/64 อยู่ที่ 6,817 ล้านบาท ผลกระทบจาก Covid-19 ระลอกใหม่",https://www.aira.co.th/upload/202108_1629167278_42082.pdf,ศักดิ์นรินทร์ ศศานนท์,2021-10-28,SCC,BUY,56.0,398.0,397.0,399.0,399.0
21/10/2564 KTB: 3Q64 รายงานกำไรใกล้เคียงคาด,https://www.aira.co.th/upload/202108_1629080589_16983.pdf,ศรัณยู สืบสุรีย์กุล,2021-10-21,KTB,BUY,157.0,11.8,11.8,11.8,11.9
21/10/2564 CK: คาด 3Q/64 กำไรสุทธิ 99 ล้านบาท ชะลอตัว qoq และ yoy,https://www.aira.co.th/upload/202108_1629080456_46645.pdf,ศักดิ์นรินทร์ ศศานนท์,2021-10-21,CK,BUY,7.0,21.6,21.799999,22.0,22.1
15/10/2564 DRT: 3Q/64 คาดกำไรสุทธิ ลดลง qoq แต่ดีขึ้น yoy อยู่ที่ 115 – 120 ล้านบาท,https://www.aira.co.th/upload/202108_1628834935_42382.pdf,ศักดิ์นรินทร์ ศศานนท์,2021-10-15,DRT,BUY,66.0,7.4,7.45,7.45,7.45
12/10/2564 DTAC & TRUE: มองเป็นกลาง กรณี Consensus บางส่วน ให้ความเป็นไปได้ กรณีควบรวม DTAC-TRUE,https://www.aira.co.th/upload/202108_1628820599_17704.pdf,ศักดิ์นรินทร์ ศศานนท์,2021-10-12,DTAC,BUY,226.0,-1.0,-2.0,-3.0,-4.0
11/10/2564 SCC : คาด 3Q/64 กำไรสุทธิชะลอตัว qoq และ yoy,https://www.aira.co.th/upload/202108_1628648159_01169.pdf,ศรัณยู สืบสุรีย์กุล,2021-10-11,SCC,BUY,1.25,398.0,402.0,402.0,402.0
07/10/2564 ADVANC: คาด 3Q64 สามารถประคองผลประกอบการไปได้ โดยมีกำไรปกติ -2% QoQ,https://www.aira.co.th/upload/202108_1628648039_94897.pdf,ศักดิ์นรินทร์ ศศานนท์,2021-10-07,ADVANC,BUY,0.0,196.0,193.5,193.5,193.5
22/09/2564 SIRI….…แนะนำ “เก็งกำไร”,https://www.aira.co.th/upload/202108_1628493716_17796.pdf,ศักดิ์นรินทร์ ศศานนท์,2021-09-22,SIRI,BUY,17.0,1.27,1.26,1.26,1.29
09/09/2564 ADVANC : มองบวก กรณีสามารถระงับข้อพิพาทกับ CAT และ TOT,https://www.aira.co.th/upload/202108_1628149518_78767.pdf,ศักดิ์นรินทร์ ศศานนท์,2021-09-09,ADVANC,BUY,56.0,191.0,193.5,196.5,196.5
25/08/2564 SEAFCO: แนวโน้ม 3Q/64 มีโอกาสขาดทุนต่อเนื่องจาก 2Q/64 และส่งผลให้ 2H/64 ชะลอตัวจาก 1H/64,https://www.aira.co.th/upload/202107_1627611261_86637.pdf,ศักดิ์นรินทร์ ศศานนท์,2021-08-25,SEAFCO,BUY,146.0,4.27272855,4.34545584,4.34545584,4.34545584
20/08/2564 TMT: แนวโน้ม 2H/64 ชะลอตัวจาก 1H/64 แต่คาดภาพรวมทั้งปี’64,https://www.aira.co.th/upload/202107_1627550857_50528.pdf,พลเทพ วงษ์นาค,2021-08-20,TMT,BUY,45.0,11.3,11.6,11.6,11.6
17/08/2564 TSR: รายงานกำไร 2Q64 ลดลง 62%QoQ และ 74%YoY,https://www.aira.co.th/upload/202107_1626833937_3513.pdf,ศักดิ์นรินทร์ ศศานนท์,2021-08-17,TSR,BUY,16.17,2.94545437,3.07272709,3.25454526,3.25454526
13/08/2564 EA: คาดธุรกิจแบตเตอรี่ รถบัสไฟฟ้าเรือไฟฟ้า และ Bio PCM จะเริ่มรับรู้รายได้ในปี 2564 นี้,https://www.aira.co.th/upload/202107_1625537640_43028.pdf,ศักดิ์นรินทร์ ศศานนท์,2021-08-13,EA,BUY,7.5,40.392846,40.565465,44.708321,45.916654
13/08/2564 EGCO: ผลการดำเนินงานปกติ เพิ่มขึ้นทั้ง qoq และ yoy แต่มีขาดทุนจากอัตราแลกเปลี่ยน,https://www.aira.co.th/upload/202106_1624846774_86456.pdf,ศักดิ์นรินทร์ ศศานนท์,2021-08-13,EGCO,BUY,20.0,174.0,178.0,181.5,181.5
10/08/2564 THCOM: ศาลฯ มีคำสั่งทุเลาให้ THCOM สามารถใช้ ดาวเทียมไทยคม 7 และ 8 ที่เป็นคดีความอยู่ ต่อไปได้,https://www.aira.co.th/upload/202211_1668476883_56913.pdf,จิตรลดา เลขาพันธ์,2021-08-10,THCOM,BUY,25.0,11.4,11.8,11.8,11.8
10/08/2564 CPN: กำไรสุทธิ 2Q/64 โดดเด่น yoy แต่ลดลง 67%qoq แนวโน้ม 3Q/64 มีโอกาสชะลอตัว,https://www.aira.co.th/upload/202211_1668405781_01734.pdf,ศักดิ์นรินทร์ ศศานนท์,2021-08-10,CPN,HOLD,220.0,47.5,50.5,52.25,54.0
09/08/2564 BANPU: ผลการดำเนินงานฟื้นตัวทั้งจากธุรกิจถ่านหินและก๊าซ,https://www.aira.co.th/upload/202211_1668389945_19357.pdf,ศักดิ์นรินทร์ ศศานนท์,2021-08-09,BANPU,BUY,62.0,11.5435104,11.4592512,11.4592512,11.4592512
09/08/2564 PSL: กำไรปกติ 2Q64 ที่ 778 ล้านบาท ใกล้เคียงคาด โดย +187% QoQ และพลิกจากที่ขาดทุน,https://www.aira.co.th/upload/202106_1623635445_742.pdf,จิตรลดา เลขาพันธ์,2021-08-09,PSL,BUY,6.0,22.1,25.0,25.0,25.25
04/08/2564 ADVANC: 2Q64 มีกำไรปกติ 6.6 พันล้านบาท ใกล้เคียงตลาดคาด โดยลดลง 3.3% QoQ,https://www.aira.co.th/upload/202105_1621476565_00509.pdf,ศักดิ์นรินทร์ ศศานนท์,2021-08-04,ADVANC,BUY,66.0,179.0,185.5,185.5,185.5
29/07/2564 DTAC: มีข่าวอย่างไม่เป็นทางการ ว่า TELENOR จะขายหุ้น DTAC ในราคา 2 พันล้านเหรียญ คิดเป็นราว 45 บาท/หุ้น,https://www.aira.co.th/upload/202105_1621235241_4721.pdf,จิตรลดา เลขาพันธ์,2021-07-29,DTAC,BUY,20.5,-1.0,-2.0,-3.0,-4.0
21/07/2564 BANPU: ปรับเปลี่ยนรายละเอียดเพิ่มทุนรองรับการเติบโตในอนาคต,https://www.aira.co.th/upload/202105_1621216010_95013.pdf,จิตรลดา เลขาพันธ์,2021-07-21,BANPU,BUY,6.0,11.2907328,11.4592512,11.7120288,11.7120288
12/07/2564 SCC: คาด 2Q/64 กำไรสุทธิ ทรงตัวในระดับสูง พร้อมมีโอกาสจ่ายปันผล 1H/64 ที่ 9.00 บาท,https://www.aira.co.th/upload/202105_1620871881_62091.pdf,ศรัณยู สืบสุรีย์กุล,2021-07-12,SCC,BUY,55.0,420.0,430.0,430.0,430.0
06/07/2564 BANPU: เพิ่มทุนเพื่อรองรับการเติบโตในอีก 3 ปีข้างหน้า,https://www.aira.co.th/upload/202105_1620803102_71229.pdf,ศักดิ์นรินทร์ ศศานนท์,2021-07-06,BANPU,BUY,85.0,11.4592512,11.5435104,12.0490656,12.0490656
14/06/2564 SEAFCO: 2H/64 มีโอกาสรับงาน Sub Contractor งานฐานราก จากโครงการขนาดใหญ่,https://www.aira.co.th/upload/202105_1620697394_41296.pdf,ศักดิ์นรินทร์ ศศานนท์,2021-06-14,SEAFCO,BUY,6.0,4.59091046,4.59091046,4.59091046,4.59091046
08/06/2564 KBANK: Thai NVDR ยกเลิกการชะลอการลงทุนในหุ้น KBANK,https://www.aira.co.th/upload/202105_1620366622_15476.pdf,พลเทพ วงษ์นาค,2021-06-08,KBANK,BUY,6.2,124.5,130.0,130.0,130.0
17/05/2564 SEAFCO: คาดผ่านจุดต่ำสุดเมื่อ 4Q/63 หลัง 1Q/64 พลิกมีกำไรสุทธิ 24 ล้านบาทแต่ยังลดลง 75% yoy,https://www.aira.co.th/upload/202104_1618986663_44685.pdf,จิตรลดา เลขาพันธ์,2021-05-17,SEAFCO,BUY,8.0,4.00000119,4.43636496,4.72727414,4.72727414
14/05/2564 AOT:2Q64 ขาดทุนสุทธิที่ 3.6 พันล้านบาท ดีกว่าที่ตลาดคาดไว้ แต่ขาดทุนมากขึ้นเมื่อเทียบกับ 1Q64,https://www.aira.co.th/upload/202104_1618798117_2832.pdf,ศักดิ์นรินทร์ ศศานนท์,2021-05-14,AOT,BUY,48.0,59.75,60.75,63.0,64.75
13/05/2564 STGT: 1Q64 กำไรสุทธิ ทำ New High ต่อเนื่องเป็นไตรมาสที่ 4 ติดต่อกัน,https://www.aira.co.th/upload/202104_1618198751_03631.pdf,ศรัณยู สืบสุรีย์กุล,2021-05-13,STGT,BUY,13.3,45.5,48.25,48.25,48.25
12/05/2564 PTTGC: ราคาผลิตภัณฑ์ ปิโตรเคมีฟื้นตัว มีกำไรจากสต็อกน้ำมัน,https://www.aira.co.th/upload/202104_1617863120_49864.pdf,ศักดิ์นรินทร์ ศศานนท์,2021-05-12,PTTGC,BUY,140.0,67.25,67.5,67.5,67.5
12/05/2564 OR: ผลการดำเนินงาน 1Q/64 ค่าการตลาดเพิ่มขึ้น จับตา M&A ในธุรกิจอาหารและเครื่องดื่ม,https://www.aira.co.th/upload/202103_1616742742_09489.pdf,ศักดิ์นรินทร์ ศศานนท์,2021-05-12,OR,BUY,6.0,28.5,29.25,30.0,32.0
11/05/2564 BANPU: ผลการดำเนินงานฟื้นตัวโดดเด่น จากธุรกิจถ่านหินและก๊าซ จับตาบุกเข้าสู่ธุรกิจ ยานยนต์ไฟฟ้า,https://www.aira.co.th/upload/202211_1668130610_89428.pdf,ศักดิ์นรินทร์ ศศานนท์,2021-05-11,BANPU,BUY,42.0,10.111104,10.111104,10.1953632,11.6277696
07/05/2564 SMT: ยังอยู่ในทิศทางของการฟื้นตัว 1Q64 มีกำไรสุทธิที่ 51 ล้านบาท ดีกว่าที่เราคาดไว้ที่ 45 ล้านบาท,https://www.aira.co.th/upload/202211_1668130317_02345.pdf,จิตรลดา เลขาพันธ์,2021-05-07,SMT,BUY,4.7,5.25,5.3,5.3,5.45
06/05/2564 ZIGA: กำไรสุทธิ 1Q64 น่าผิดหวัง ลดลง 21%QoQ แต่เพิ่มขึ้น 198%YoY,https://www.aira.co.th/upload/202211_1668062558_36414.pdf,ศักดิ์นรินทร์ ศศานนท์,2021-05-06,ZIGA,BUY,64.0,6.1,6.2,6.2,6.2
05/05/2564 INTUCH: 1Q64 กำไรสุทธิทรงตัวQoQ จาก THCOM ที่ผลประกอบการกระเตื้องขึ้น,https://www.aira.co.th/upload/202211_1668044695_18919.pdf,ศักดิ์นรินทร์ ศศานนท์,2021-05-05,INTUCH,BUY,0.0,-1.0,-2.0,-3.0,-4.0
30/04/2564 THCOM: 1Q64 ขาดทุนปกติ 40 ล้านบาท เทียบกับ 4Q63 ที่ขาดทุนปกติ 174 ล้านบาท,https://www.aira.co.th/upload/202211_1667976310_123.pdf,ศักดิ์นรินทร์ ศศานนท์,2021-04-30,THCOM,BUY,76.0,-1.0,-2.0,-3.0,-4.0
29/04/2564 SCC: กำไรสุทธิ 1Q/64 ดีกว่าคาด โดดเด่นทั้ง qoq และ yoy,https://www.aira.co.th/upload/202103_1615356987_84256.pdf,จิตรลดา เลขาพันธ์,2021-04-29,SCC,BUY,24.0,-1.0,-2.0,-3.0,-4.0
28/04/2564 AAV: จะนำ TAAV เข้า Listed แทน และเพิ่มทุน,https://www.aira.co.th/upload/202103_1615169987_0256.pdf,จิตรลดา เลขาพันธ์,2021-04-28,AAV,BUY,20.5,-1.0,-2.0,-3.0,-4.0
22/04/2564 BBL: กำไร 1Q64 ดีกว่าคาด จาก Cost of Fund ที่ลดลงดีเกินคาด,https://www.aira.co.th/upload/202103_1614663712_29379.pdf,จิตรลดา เลขาพันธ์,2021-04-22,BBL,BUY,6.85,123.5,122.5,122.5,122.5
20/04/2564 SAMART: Outlook ดูดีขึ้น แนวโน้มปี 2564 นี้คาดหวังกลับมามีกำไร หลังจากผ่านช่วงที่เลวร้ายที่สุดไปแล้ว,https://www.aira.co.th/upload/202103_1614578922_5624.pdf,ศักดิ์นรินทร์ ศศานนท์,2021-04-20,SAMART,BUY,0.0,9.95,10.1,10.6,10.6
19/04/2564 PTT: กลยุทธ์ New S-Curve เริ่มมีความคืบหน้า จากการเข้าลงทุนธุรกิจยา,https://www.aira.co.th/upload/202102_1614235475_61939.pdf,ศักดิ์นรินทร์ ศศานนท์,2021-04-19,PTT,BUY,48.0,39.75,39.75,40.5,40.5
12/04/2564 JKN: ซื้อช่อง NEW18 มูลค่าราว 1 พันล้านบาท,https://www.aira.co.th/upload/202102_1614219384_79106.pdf,ประวิทย์ เจียวก๊ก,2021-04-12,JKN,BUY,0.15,10.8,11.1,11.1,11.1
"26/03/2564 BANPU: ธุรกิจถ่านหิน, ก๊าซ, ไฟฟ้าฟื้นตัว มีความพร้อมเข้าสู่ธุรกิจ",https://www.aira.co.th/upload/202102_1614049664_33567.pdf,ศักดิ์นรินทร์ ศศานนท์,2021-03-26,BANPU,BUY,40.0,10.4481408,11.0379552,11.0379552,11.0379552
24/03/2564 TKN: มองฟื้นตัวแข็งแกร่งใน 2H64 หลังปัญหาตู้คอนเทนเนอร์คลี่คลาย,https://www.aira.co.th/upload/202102_1613963561_29309.pdf,จิตรถดา เลขาพันธ์,2021-03-24,TKN,BUY,50.0,10.5,10.2,10.2,10.2
10/03/2564 CK: ผลการดำเนินงานปกติปี’64 มีแนวโน้มชะลอตัว แต่ได้รับการชดเชยจากส่วนแบ่งกำไรของ CKP และ BEM,https://www.aira.co.th/upload/202102_1613960762_91262.pdf,ศรัณยู สืบสุรีย์กุล,2021-03-10,CK,BUY,154.0,16.700001,17.5,18.0,18.0
02/03/2564 SEAFCO: 4Q/63 งดจ่ายปันผล หลังผลการดำเนินงานพลิก ขาดทุนสุทธิ 35 ล้านบาท,https://www.aira.co.th/upload/202102_1613702946_17407.pdf,ศักดิ์นรินทร์ ศศานนท์,2021-03-02,SEAFCO,BUY,48.0,3.94545572,4.27272855,4.41818313,4.5454559
25/02/2564 IVL: ผลการดำเนินงานปกติ ฟื้นตัว และคาดจะดีขึ้นต่อเนื่องในปี 2564,https://www.aira.co.th/upload/202102_1613444835_04432.pdf,ศักดิ์นรินทร์ ศศานนท์,2021-02-25,IVL,BUY,75.0,39.5,43.0,47.0,47.0
25/02/2564 BIZ : รายงานกำไรสุทธิ 4Q63 ดีกว่าที่คาดไว้มาก พร้อมประกาศปันผล 0.15 บาท/หุ้น คิดเป็น Div.Yield 3.95%,https://www.aira.co.th/upload/202102_1613356614_24681.pdf,ศักดิ์นรินทร์ ศศานนท์,2021-02-25,BIZ,BUY,0.0,2.53333474,2.61333479,2.72000151,2.84000158
23/02/2564 XO: 4Q63 ใกล้เคียงคาด แนวโน้มปี’64 โตต่อเนื่อง,https://www.aira.co.th/upload/202102_1612925544_65759.pdf,ศักดิ์นรินทร์ ศศานนท์,2021-02-23,XO,BUY,4.08,13.4,13.5,13.5,13.7
19/02/2564 SMT: 4Q64 กำไรสุทธิที่ 32 ล้านบาท ใกล้เคียงตลาดคาด ดีที่สุดในยุคหลังน้ำท่วมใหญ่ การฟื้นตัวชัดขึ้น,https://www.aira.co.th/upload/202101_1611886280_49663.pdf,ศักดิ์นรินทร์ ศศานนท์,2021-02-19,SMT,BUY,125.0,4.9,4.48,4.48,4.48
17/02/2564 CPT: ปี’64 เข้าสู่ Mode Turn Around,https://www.aira.co.th/upload/202101_1611540296_61972.pdf,พลเทพ วงษ์นาค,2021-02-17,CPT,BUY,0.46,0.87,0.99,0.99,1.03
10/02/2564 IRPC : ส่วนต่างปิโตรเคมีดีขึ้น และมีกำไรจากสต็อกน้ำมัน,https://www.aira.co.th/upload/202101_1611193852_69399.pdf,จิตรลดา เลขาพันธ์,2021-02-10,IRPC,BUY,0.2,3.66,3.7,3.7,3.7
09/02/2564 ADVANC: 4Q63 มีกำไรปกติ 6.9 พันล้านบาท ดีกว่าที่ตลาดคาดไว้,https://www.aira.co.th/upload/202101_1611042025_80418.pdf,ศักดิ์นรินทร์ ศศานนท์,2021-02-09,ADVANC,BUY,105.0,175.0,173.5,173.5,173.5
01/02/2564 ZIGA : มติกรรมการส่งผลบวกอย่างมากต่อหุ้น,https://www.aira.co.th/upload/202211_1667958365_41237.pdf,ศักดิ์นรินทร์ ศศานนท์,2021-02-01,ZIGA,BUY,25.6,4.9,5.75,6.8,7.55
29/01/2564 PTTEP : ผลการดำเนินงาน 4Q/63 แย่กว่าคาด,https://www.aira.co.th/upload/202211_1667958220_6841.pdf,ศักดิ์นรินทร์ ศศานนท์,2021-01-29,PTTEP,BUY,31.5,103.5,109.0,115.0,115.0
28/01/2564 SCC : กำไรสุทธิ 4Q/63 ต่ำกว่าคาดหลังบันทึกด้อยค่าสินทรัพย์ธุรกิจซีเมนต์ในเมียนมาและอินโดฯ,https://www.aira.co.th/upload/202211_1667958179_77873.pdf,ศักดิ์นรินทร์ ศศานนท์,2021-01-28,SCC,BUY,13.5,381.0,383.0,383.0,383.0
25/01/2564 KTB : กำไรน่าประทับใจจากสำรองหนี้ที่น้อยกว่าคาด,https://www.aira.co.th/upload/202211_1667527067_76657.pdf,จิตรลดา เลขาพันธ์,2021-01-25,KTB,HOLD,4.3,12.2,12.0,12.7,12.7
21/01/2564 TKN : แนวโน้มปี’64 ฟื้นตัวแข็งแกร่ง,https://www.aira.co.th/upload/202101_1609898579_53884.pdf,ศักดิ์นรินทร์ ศศานนท์,2021-01-21,TKN,BUY,125.0,11.4,11.1,11.2,11.6
19/01/2564 GPSC : จับตา New S-curve ธุรกิจแบตเตอรี่ ครบวงจร,https://www.aira.co.th/upload/202012_1608260069_2679.pdf,ศักดิ์นรินทร์ ศศานนท์,2021-01-19,GPSC,BUY,48.0,83.25,83.5,83.5,83.5
11/01/2564 SWINE industry : ราคาหมูสูงขึ้นสัปดาห์ที่ 2 ติดต่อกัน,https://www.aira.co.th/upload/202012_1606875578_98931.pdf,จิตรลดา เลขาพันธ์,2021-01-11,SWINE,BUY,6.85,-1.0,-2.0,-3.0,-4.0
17/12/2563 DTAC : มองเป็นลบเล็กน้อยต่อมาตรการชดเชยลูกค้าโครงการคนละครึ่งที่ไม่ได้ OTP,https://www.aira.co.th/upload/202011_1605838916_81752.pdf,จิตรลดา เลขาพันธ์,2020-12-17,DTAC,BUY,25.0,-1.0,-2.0,-3.0,-4.0
02/12/2563 SEAFCO : แนวโน้ม 4Q/63 ชะลอตัว ภาพรวมทั้งปี’63 รายได้ต่ำกว่าเป้าหมาย,https://www.aira.co.th/upload/202011_1605579540_28934.pdf,ประวิทย์ เจียวก๊ก,2020-12-02,SEAFCO,BUY,1.81,4.40000131,4.50909225,4.50909225,4.50909225
25/11/2563 AOT : 4Q63 ขาดทุนสุทธิที่ 3.7 พันล้านบาท,https://www.aira.co.th/upload/202011_1605506555_56027.pdf,จิตรลดา เลขาพันธ์,2020-11-25,AOT,BUY,5.4,67.0,67.25,68.0,68.0
24/11/2563 BIZ : ปี’64 คาดกำไรสุทธิกลับมาเติบโตโดดเด่นกว่า 5 เท่า,https://www.aira.co.th/upload/202011_1605495727_22653.pdf,ศักดิ์นรินทร์ ศศานนท์,2020-11-24,BIZ,BUY,49.0,2.360001,2.36000131,2.46666804,2.54666808
23/11/2563 TMT : คาดปี’64 รายได้ขายและกำไรสุทธิ เติบโต 11% และ 27%,https://www.aira.co.th/upload/202011_1605494230_47358.pdf,จิตรลดา เลขาพันธ์,2020-11-23,TMT,BUY,25.0,5.5,5.7,6.05,6.8
20/11/2563 CK : คาดในระยะสั้นยังมีความไม่แน่นอนการเปิดซองฯ รถไฟฟ้าสายสีส้ม (ตะวันตก),https://www.aira.co.th/upload/202011_1605494192_27077.pdf,ศักดิ์นรินทร์ ศศานนท์,2020-11-20,CK,BUY,0.0,18.299999,18.6,18.700001,18.700001
16/11/2563 TMT : 3Q/63 กำไรสุทธิ 156 ล้านบาท โดดเด่นทั้ง qoq และ yoy,https://www.aira.co.th/upload/202011_1605235218_27721.pdf,ศักดิ์นรินทร์ ศศานนท์,2020-11-16,TMT,BUY,8.0,5.35,5.5,5.7,6.05
16/11/2563 EA : ผลการดำเนินงานอ่อนตัวเล็กน้อย qoq จากกระแสลมที่อ่อนลง แต่การขาย ไบโอดีเซล B100 ยังไปได้ดี,https://www.aira.co.th/upload/202011_1605233976_14978.pdf,ศักดิ์นรินทร์ ศศานนท์,2020-11-16,EA,BUY,20.4,30.898801,31.416658,31.934515,32.452372
16/11/2563 GULF : ผลการดำเนินงานปกติเพิ่มขึ้น 33% qoq และ 34% yoy แต่มีขาดทุนจากอัตราแลกเปลี่ยน,https://www.aira.co.th/upload/202011_1605165877_19306.pdf,ศักดิ์นรินทร์ ศศานนท์,2020-11-16,GULF,BUY,305.0,34.75,37.0,37.0,37.0
16/11/2563 SPA : 3Q63 ขาดทุนสุทธิลดลง เหลือ -55 ล้านบาท,https://www.aira.co.th/upload/202011_1605165757_33341.pdf,ศักดิ์นรินทร์ ศศานนท์,2020-11-16,SPA,BUY,19.9,4.30000215,4.63333565,4.9333358,5.0666692
13/11/2563 SPRC: ผลการดำเนินงานปกติยังคงขาดทุน แต่มีกำไรจากสต็อกน้ำมันมาชดเชย,https://www.aira.co.th/upload/202011_1605150373_69395.pdf,ศักดิ์นรินทร์ ศศานนท์,2020-11-13,SPRC,BUY,20.8,6.65,7.3,7.35,8.0
12/11/2563 PTG : ผลการดำเนินงานทรงตัว qoq โดยคาดปริมาณการจำหน่ายน้ำมันฟื้นตัวต่อเนื่อง,https://www.aira.co.th/upload/202011_1604904938_05104.pdf,จิตรลดา เลขาพันธ์,2020-11-12,PTG,BUY,0.0,18.6,18.9,18.9,18.9
10/11/2563 CBG : 3Q63 สูงกว่าคาดจากยอดขายต่างประเทศที่เติบโตแข็งแกร่ง,https://www.aira.co.th/upload/202011_1604628895_13472.pdf,ศักดิ์นรินทร์ ศศานนท์,2020-11-10,CBG,BUY,94.0,116.0,119.5,125.0,125.0
09/11/2563 CPN : กำไรสุทธิ 3Q/63 เพิ่มขึ้นโดดเด่น qoq จากสถานการณ์ Covid-19 คลี่คลาย,https://www.aira.co.th/upload/202210_1666223078_26306.pdf,ศักดิ์นรินทร์ ศศานนท์,2020-11-09,CPN,BUY,72.5,44.0,52.0,55.0,55.0
09/11/2563 KTB : กฤษฎีกาตีความ KTB ไม่เป็นรัฐวิสาหกิจกระทบเชิงจิตวิทยาระยะสั้น,https://www.aira.co.th/upload/202210_1665970117_45372.pdf,จิตรถดา เลขาพันธ์,2020-11-09,KTB,BUY,15.3,9.3,10.3,11.2,11.4
28/10/2563 PTTGC : ราคาผลิตภัณฑ์ปิโตรเคมีเริ่มฟื้นตัวส่งผลดีต่อผลการดำเนินงาน 2H/63,https://www.aira.co.th/upload/202010_1603865997_44408.pdf,ศักดิ์นรินทร์ ศศานนท์,2020-10-28,PTTGC,BUY,60.5,40.5,41.75,50.0,51.75
21/10/2563 PTTEP: ได้รับประโยชน์จากราคาน้ำมันดิบที่ฟื้นตัว,https://www.aira.co.th/upload/202010_1603266087_82355.pdf,ศักดิ์นรินทร์ ศศานนท์,2020-10-21,PTTEP,BUY,99.0,80.0,81.5,82.75,91.5
