title,pdf,analys,date,stock_name,action,price,cs,cs5,cs10,cs15,assistant
"29/05/2025 AMATA (BUY : Fair Price : Bt 33.60) : ยังยืนยันเป้ายอดขาย 3,000 ไร่",https://api.prod.pi.financial/cms/assets/09dc154f-d4ff-45d4-b51f-f5398d4e9c35,Dome Kunprayoonsawad,2025-05-29,AMATA,BUY,33.6,-1.0,-2.0,-3.0,-4.0,
"26/05/2025 STECON (BUY : Fair Price : Bt 8.59) : ตั้งเป้างานใหม่ 50,000 ล้านบาท",https://api.prod.pi.financial/cms/assets/568350d9-431f-47d8-96c7-c37f1e331c02,Dome Kunprayoonsawad,2025-05-26,STECON,BUY,8.59,7.2,7.45,7.45,7.45,
26/05/2025 SAWAD (BUY : Fair Price : Bt 23.50) : Valuation ถูก คาดกำไรฟื้นตัวใน 2Q25,https://api.prod.pi.financial/cms/assets/d1ecc886-2314-4880-90b5-aea9adffd53e,Tanadech Rungsrithananon,2025-05-26,SAWAD,BUY,23.5,18.7,19.0,19.0,19.0,
23/05/2025 SC (BUY : Fair Price : Bt 2.68) : 1Q25 ซบเซา แต่ 2Q25 เริ่มดีขึ้น,https://api.prod.pi.financial/cms/assets/ae6dc8ce-fd84-48e2-9a92-b58a93bf15de,Dome Kunprayoonsawad,2025-05-23,SC,BUY,2.68,1.76,1.65,1.65,1.65,
23/05/2025 CK (BUY : Fair Price : Bt 21.20) : 1Q25 กำไรสุทธิ 282 ล้านบาทดีเกินคาด,https://api.prod.pi.financial/cms/assets/59248d5f-b01c-4408-a4c5-a7fab48f4983,Dome Kunprayoonsawad,2025-05-23,CK,BUY,21.2,14.6,15.0,15.0,15.0,
23/05/2025 SAPPE (SELL : Fair Price : Bt 29.00) : แนวโน้มปี2025 ยังไม่สดใส,https://api.prod.pi.financial/cms/assets/8cf272e2-470c-4d4e-8ce8-4b217f663685,Thanawich Boonchuwong,2025-05-23,SAPPE,SELL,29.0,32.5,31.25,31.25,31.25,
22/05/2025 ORI (HOLD : Fair Price : Bt 1.85) : กำไรสุทธิ 1Q25 อ่อนตัว YoY,https://api.prod.pi.financial/cms/assets/c46f8d20-429f-47da-8150-332d61da6e29,Tanadech Rungsrithananon,2025-05-22,ORI,HOLD,1.85,1.72,1.79,1.79,1.79,
21/05/2025 CBG (BUY : Fair Price : Bt 70.00) : ส่วนแบ่งตลาดโตแข็งแกร่งต่อเนื่อง,https://api.prod.pi.financial/cms/assets/2bf4c3a6-b864-4154-a707-6f9c9f49fe8f,Thanawich Boonchuwong,2025-05-21,CBG,BUY,70.0,60.25,59.25,59.25,59.25,
21/05/2025 TCAP (HOLD : Fair Price : Bt 52.00) : เด่นที่เงินปันผลสูง,https://api.prod.pi.financial/cms/assets/e942970b-aba6-4659-ba74-1542dfdaf776,Tanadech Rungsrithananon,2025-05-21,TCAP,HOLD,52.0,48.5,48.0,48.0,48.0,
20/05/2025 AP (BUY : Fair Price : Bt 10.50) : กำไรสุทธิ 1Q25 อ่อนตัว YoY และ QoQ,https://api.prod.pi.financial/cms/assets/7b179041-7d6b-49ad-965a-eb0de4925a2f,Tanadech Rungsrithananon,2025-05-20,AP,BUY,10.5,6.85,6.75,6.75,6.75,
20/05/2025 NER (BUY : Fair Price : Bt 6.25) : เป้ายอดขายปีนี้เริ่มเสี่ยง,https://api.prod.pi.financial/cms/assets/e35b6268-c37d-4560-816e-f92e2d62c2b9,Dome Kunprayoonsawad,2025-05-20,NER,BUY,6.25,4.34,4.3,4.3,4.3,
19/05/2025 SAT (BUY : Fair Price : Bt 16.70) : คาด 1Q25 กำไรโตได้จากปีก่อนเล็กน้อย,https://api.prod.pi.financial/cms/assets/998d9564-042a-44ab-836b-b81bda5ab905,Dome Kunprayoonsawad,2025-05-19,SAT,BUY,16.7,12.3,12.6,12.6,12.6,
19/05/2025 SAWAD (HOLD : Fair Price : Bt 23.50) : การเติบโตอ่อนแอ แต่เงินปันผลสูงขึ้น,https://api.prod.pi.financial/cms/assets/654ec7ae-1a6c-4800-bde6-4421886b5477,Tanadech Rungsrithananon,2025-05-19,SAWAD,HOLD,23.5,20.7,20.3,20.3,20.3,
16/05/2025 TVO (BUY : Fair Price : Bt 28.20) : 1Q25 น้ำมันยังช่วยผลักดันกำไร,https://api.prod.pi.financial/cms/assets/e2bc804d-3829-4aa4-9f28-a05614897044,Dome Kunprayoonsawad,2025-05-16,TVO,BUY,28.2,22.4,22.7,22.7,22.7,
16/05/2025 AAV (BUY : Fair Price : Bt 2.60) : 1Q25 ออกมาดูดี แต่ 2Q25 ต้องลุ้น,https://api.prod.pi.financial/cms/assets/218926a4-5003-49eb-8765-c038e4bb8d05,Dome Kunprayoonsawad,2025-05-16,AAV,BUY,2.6,1.24,1.22,1.24,1.24,
16/05/2025 CPF (BUY : Fair Price : Bt 34.00) : 1Q25 กำไรดีเกินคาดมาก,https://api.prod.pi.financial/cms/assets/631a1f8e-e225-4396-bec7-a130cc44e642,Dome Kunprayoonsawad,2025-05-16,CPF,BUY,34.0,26.25,26.25,26.25,26.25,
16/05/2025 AOT (BUY : Fair Price : Bt 43.00) : ผลประกอบการ 2Q25 ต่ำคาดเพราะมีคืนเงิน,https://api.prod.pi.financial/cms/assets/9327fd97-dfd0-4a19-bae4-186337fcea75,Dome Kunprayoonsawad,2025-05-16,AOT,BUY,43.0,34.75,35.25,35.25,35.25,
16/05/2025 M (BUY : Fair Price : Bt 20.00) : SSSG ลดลงกดดันกำไร 1Q25,https://api.prod.pi.financial/cms/assets/dae8c607-e9b5-4ff5-ad75-3246a5aa5aea,Thanawich Boonchuwong,2025-05-16,M,BUY,20.0,16.5,15.9,15.9,15.9,
16/05/2025 MTC (BUY : Fair Price : Bt 48.00) : เติบโตอย่างมีคุณภาพ,https://api.prod.pi.financial/cms/assets/b6884c68-f2f4-4b68-81c9-c931f31c2601,Tanadech Rungsrithananon,2025-05-16,MTC,BUY,48.0,41.25,41.75,42.25,42.25,
15/05/2025 MEGA (HOLD : Fair Price : Bt 32.00) : กำไรปกติ 1Q25 ลดลงทั้ง YoY และ QoQ,https://api.prod.pi.financial/cms/assets/b5f423b5-d943-4384-accc-e11c41a20afe,Thanawich Boonchuwong,2025-05-15,MEGA,HOLD,32.0,28.5,27.5,27.5,27.5,
15/05/2025 OSP (BUY : Fair Price : Bt 19.00) : กำไร 1Q25 ทำสถิติสูงสุดใหม่,https://api.prod.pi.financial/cms/assets/3bea53d8-0494-4a88-b812-0913ad6ad88b,Thanawich Boonchuwong,2025-05-15,OSP,BUY,19.0,15.2,15.4,17.0,17.0,
15/05/2025 BJC (BUY : Fair Price : Bt 26.00) : ต้นทุนวัตถุดิบลดหนุนกำไร 1Q25 โตแกร่ง YoY,https://api.prod.pi.financial/cms/assets/d27569cb-9c0e-421e-83a7-284820f8a51b,Thanawich Boonchuwong,2025-05-15,BJC,BUY,26.0,23.9,23.5,23.5,23.5,
15/05/2025 CRC (BUY : Fair Price : Bt 29.00) : มองเป็นโอกาสสะสม,https://api.prod.pi.financial/cms/assets/bea61417-0e5f-4d5d-8959-777851035556,Thanawich Boonchuwong,2025-05-15,CRC,BUY,29.0,19.1,19.0,19.0,19.0,
15/05/2025 WHA (BUY : Fair Price : Bt 5.30) : ปี 25 ยังโตได้ตามแผน,https://api.prod.pi.financial/cms/assets/70c16526-ed83-4e45-8c70-45e8e5cc97cf,Dome Kunprayoonsawad,2025-05-15,WHA,BUY,5.3,3.3,3.28,3.28,3.28,
15/05/2025 TIDLOR (BUY : Fair Price : Bt 19.00) : เติบโตอย่างระมัดระวังต่อเนื่องในปี 2025,https://api.prod.pi.financial/cms/assets/32b9ead9-0402-45ca-a122-478a165c7c4c,Tanadech Rungsrithananon,2025-05-15,TIDLOR,BUY,19.0,15.0,15.4,16.2,16.2,
14/05/2025 SPALI (BUY : Fair Price : Bt 19.50) : แม้กำไรใน 1Q25 ลดลง แต่คาดเป็นระดับต่ำสุดของปี,https://api.prod.pi.financial/cms/assets/752ec259-fd8b-4d2e-bd99-6f34025d3f15,Tanadech Rungsrithananon,2025-05-14,SPALI,BUY,19.5,14.5,14.6,14.6,14.6,
14/05/2025 CENTEL (BUY : Fair Price : Bt 38.00) : กำไรปกติ 1Q25 เติบโตทั้ง YoY และ QoQ,https://api.prod.pi.financial/cms/assets/6880f0be-2274-478e-ab27-b1ec5c8235b7,Tanadech Rungsrithananon,2025-05-14,CENTEL,BUY,38.0,22.6,21.3,21.3,21.3,
14/05/2025 MINT (BUY : Fair Price : Bt 36.00) :  กำไรปกติ 1Q25 ฟื้นตัว YoY,https://api.prod.pi.financial/cms/assets/3bd168e0-03e9-4a9d-9d4f-15b55bd6d078,Tanadech Rungsrithananon,2025-05-14,MINT,BUY,36.0,25.75,25.25,25.75,25.75,
14/05/2025 SAPPE (HOLD : Fair Price : Bt 42.00) : ควบคุมค่าใช้จ่ายได้ดีหนุนกำไร 1Q25 ฟื้นตัว QoQ,https://api.prod.pi.financial/cms/assets/bc616a70-7ed5-4fec-911f-0dd4c3e7b770,Thanawich Boonchuwong,2025-05-14,SAPPE,HOLD,42.0,34.75,35.0,35.0,35.0,
14/05/2025 GFPT (BUY : Fair Price : Bt 13.00) : 1Q25 กำไรดีจากบริษัทร่วม,https://api.prod.pi.financial/cms/assets/6c1abbf3-81c3-426b-b4bd-e8747fdd44b0,Dome Kunprayoonsawad,2025-05-14,GFPT,BUY,13.0,9.9,10.1,10.3,10.3,
14/05/2025 SAV (BUY : Fair Price : Bt 23.75) : ได้รับผลดีจากการที่จีนเที่ยวมาเลเซียและสิงคโปร์เพิ่ม,https://api.prod.pi.financial/cms/assets/8caf6421-ec30-4786-b442-d7217cd2f8ee,Dome Kunprayoonsawad,2025-05-14,SAV,BUY,23.75,16.8,17.6,17.6,17.6,
14/05/2025 COCOCO (HOLD : Fair Price : Bt 7.60) : ต้นทุนมะพร้าวกดดันกำไร 1Q25,https://api.prod.pi.financial/cms/assets/f43a73c5-ecb0-42af-b2d2-c1ea64a52508,Thanawich Boonchuwong,2025-05-14,COCOCO,HOLD,7.6,6.8,6.7,6.7,6.7,
14/05/2025 ICHI (HOLD : Fair Price : Bt 12.50) : อากาศหนาวเย็นกดดันกำไร 1Q25 ลดลง YoY,https://api.prod.pi.financial/cms/assets/c3626e5f-2ee4-48c1-946f-6ee3227f99da,Thanawich Boonchuwong,2025-05-14,ICHI,HOLD,12.5,11.3,11.2,11.2,11.2,
14/05/2025 CPALL (BUY : Fair Price : Bt 80.00) : กำไร 1Q25 ทำสถิติสูงสุดใหม่,https://api.prod.pi.financial/cms/assets/21f5f3f3-b684-4125-88d7-9a2d01502eaf,Thanawich Boonchuwong,2025-05-14,CPALL,BUY,80.0,51.0,51.75,51.75,51.75,
13/05/2025 TACC (BUY : Fair Price : Bt 6.30) : 1Q25 กำไรสุทธิทะลุ 70 ล้านบาท,https://api.prod.pi.financial/cms/assets/c57bcd5f-5683-497a-adff-e6aed6f19875,Dome Kunprayoonsawad,2025-05-13,TACC,BUY,6.3,4.58,4.58,4.58,4.58,
13/05/2025 CENTEL (BUY : Fair Price : Bt 38.00) : คาดกำไรสุทธิ 1Q25 อ่อนตัวจากค่าใช้จ่ายโรงแรมที่สูง,https://api.prod.pi.financial/cms/assets/8629b6bb-2d1a-416a-9133-355ccc5949bf,Tanadech Rungsrithananon,2025-05-13,CENTEL,BUY,38.0,23.2,22.6,22.6,22.6,
13/05/2025 TFM (BUY : Fair Price : Bt 6.80) : 1Q25 รายได้ลดแต่กำไรเพิ่มแรง,https://api.prod.pi.financial/cms/assets/6e3e6d80-a8a6-496b-8d2b-dcbc9181b15a,Dome Kunprayoonsawad,2025-05-13,TFM,BUY,6.8,4.96,4.9,4.9,4.9,
13/05/2025 TU (BUY : Fair Price : Bt 13.10) : 1Q25 กำไรปกติตามคาด,https://api.prod.pi.financial/cms/assets/f781f068-82d2-4040-b96c-a2c0c93b9cd1,Dome Kunprayoonsawad,2025-05-13,TU,BUY,13.1,10.3,10.3,10.3,10.3,
13/05/2025 CBG (HOLD : Fair Price : Bt 65.00) : กำไร 1Q25 ลดลง QoQ ท่ามกลางการแข่งขันที่สูงขึ้น,https://api.prod.pi.financial/cms/assets/9b83bf98-f777-429f-b378-ac557e2b8ae2,Thanawich Boonchuwong,2025-05-13,CBG,HOLD,65.0,60.0,60.0,60.25,60.25,
09/05/2025 AP (BUY : Fair Price : Bt 10.50) : คาดกำไรสุทธิ 1Q25 อ่อนตัว YoY และ QoQ,https://api.prod.pi.financial/cms/assets/0f8f07a3-98dd-4f2f-9221-995072ff38c2,Tanadech Rungsrithananon,2025-05-09,AP,BUY,10.5,6.85,6.9,6.9,6.9,
09/05/2025 STECON (BUY : Fair Price : Bt 8.59) : เริ่มปี 25 คาดกำไร 1Q25 ทะลุ 200 ล้านบาท,https://api.prod.pi.financial/cms/assets/efa20a34-f643-4ce5-940d-5c0ae6b38301,Dome Kunprayoonsawad,2025-05-09,STECON,BUY,8.59,7.2,7.35,7.35,7.4,
09/05/2025 CPAXT (BUY : Fair Price : Bt 30.00) : กำไร 1Q25 โตต่อเนื่อง YoY,https://api.prod.pi.financial/cms/assets/cdba265a-856b-4128-ba22-a39f8ababcda,Thanawich Boonchuwong,2025-05-09,CPAXT,BUY,30.0,24.1,24.1,24.1,24.1,
09/05/2025 DOHOME (HOLD : Fair Price : Bt 5.20) : กำไร 1Q25 ทรงตัว YoY,https://api.prod.pi.financial/cms/assets/47a57bdb-b3bc-4824-9ca6-5881e9d87bdf,Thanawich Boonchuwong,2025-05-09,DOHOME,HOLD,5.2,4.6,4.86,4.86,4.86,
08/05/2025 ORI (HOLD : Fair Price : Bt 1.90) : คาดกำไรสุทธิ 1Q25 อ่อนตัว YoY,https://api.prod.pi.financial/cms/assets/562a390e-f52b-45a4-b6f8-382336947ef0,Tanadech Rungsrithananon,2025-05-08,ORI,HOLD,1.9,1.94,1.93,1.93,1.93,
"08/05/2025 CK (BUY : Fair Price : Bt 21.20) : 1Q25 คาดรายได้ทะลุ 10,000 ล้านบาท",https://api.prod.pi.financial/cms/assets/30519e44-5ecb-4ae6-8b3e-d772b62c7e86,Dome Kunprayoonsawad,2025-05-08,CK,BUY,21.2,14.8,14.7,14.9,15.0,
07/05/2025 HMPRO (BUY : Fair Price : Bt 11.00) : สภาพอากาศไม่เอื้ออำนวย,https://api.prod.pi.financial/cms/assets/dbe54e32-64bc-4091-a17d-ee9092b38e43,Thanawich Boonchuwong,2025-05-07,HMPRO,BUY,11.0,7.85,8.0,8.0,8.0,
06/05/2025 CPN (BUY : Fair Price : Bt 80.00) : 1Q25 กำไรตามคาด,https://api.prod.pi.financial/cms/assets/1f97dbc8-bd2d-47a1-9a0c-197af53ab58a,Dome Kunprayoonsawad,2025-05-06,CPN,BUY,80.0,50.5,52.5,52.5,52.5,
02/05/2025 AMATA (BUY : Fair Price : Bt 33.60) : 1Q25 ยอดขายยังไม่เด่น,https://api.prod.pi.financial/cms/assets/c1846224-54e6-421a-9efd-97920c38cf30,Dome Kunprayoonsawad,2025-05-02,AMATA,BUY,33.6,15.8,16.2,16.2,16.2,
30/04/2025 ITC (BUY : Fair Price : Bt 14.40) : 1Q25 แย่กว่าที่เคยคาดไว้,https://api.prod.pi.financial/cms/assets/dd703497-1271-492c-ab45-dcd6b1b85574,Dome Kunprayoonsawad,2025-04-30,ITC,BUY,14.4,12.9,12.8,12.8,12.8,
29/04/2025 BJC (BUY : Fair Price : Bt 26.00) : คาด SSSG อาหารสดหนุนกำไร 1Q25 โตแข็งแกร่ง YoY,https://api.prod.pi.financial/cms/assets/0538ce8a-2f90-46dc-9533-b992dfec6c65,Thanawich Boonchuwong,2025-04-29,BJC,BUY,26.0,23.2,24.4,24.4,24.4,
29/04/2025 HMPRO (BUY : Fair Price : Bt 11.00) : กำไร 1Q25 อ่อนตัวเล็กน้อย YoY,https://api.prod.pi.financial/cms/assets/e54ff980-2893-41be-99e8-1e20215ec9be,Thanawich Boonchuwong,2025-04-29,HMPRO,BUY,11.0,8.25,8.5,8.5,8.5,
29/04/2025 STANLY (HOLD : Fair Price : Bt 202.00) : FY4Q25 กำไรดีสุดในรอบปี,https://api.prod.pi.financial/cms/assets/be16694a-9ec3-43a5-96f3-7349bc6ba91c,Dome Kunprayoonsawad,2025-04-29,STANLY,HOLD,202.0,219.0,218.0,218.0,218.0,
29/04/2025 CREDIT (HOLD : Fair Price : Bt 20.00) : NIM อ่อนแอฉุดการฟื้นตัวอ่อนแอกว่าคาด,https://api.prod.pi.financial/cms/assets/ff5cd6fa-45d1-4acf-8f9f-d0ce49843785,Tanadech Rungsrithananon,2025-04-29,CREDIT,HOLD,20.0,19.0,19.7,20.1,20.1,
29/04/2025 SPALI (BUY : Fair Price : Bt 19.50) : คาดกำไรใน 1Q25 เป็นระดับต่ำสุดของปี,https://api.prod.pi.financial/cms/assets/4ec271fd-b584-4bd4-b68f-4a63e6ea227b,Tanadech Rungsrithananon,2025-04-29,SPALI,BUY,19.5,15.7,16.0,16.0,16.0,Pakjira Manatangsakunkit
28/04/2025 CPN (BUY : Fair Price : Bt 80.00) : 1Q25 ธุรกิจศูนย์การค้ายังไปได้ดี,https://api.prod.pi.financial/cms/assets/23d7c16b-7d37-4fee-8f46-fa3fde87569d,Dome Kunprayoonsawad,2025-04-28,CPN,BUY,80.0,49.0,52.5,52.5,52.5,
25/04/2025 OSP (BUY : Fair Price : Bt 19.00) : ส่วนแบ่งตลาดดีขึ้น MoM ตั้งแต่ ม.ค. 2025,https://api.prod.pi.financial/cms/assets/1814ca76-f2ae-4ea8-8824-2cb689ad1ba0,Thanawich Boonchuwong,2025-04-25,OSP,BUY,19.0,15.9,15.8,15.9,15.9,
24/04/2025 BBL (BUY : Fair Price : Bt 160.00) : Valuation ไม่แพง และเงินปันผลสูง,https://api.prod.pi.financial/cms/assets/d1efd0b0-36d4-4722-b663-799eeb90deeb,Tanadech Rungsrithananon,2025-04-24,BBL,BUY,160.0,136.0,140.0,143.0,149.0,
23/04/2025 KKP (HOLD : Fair Price : Bt 51.00) : ราคาหุ้นสะท้อนกำไรที่อ่อนแอ,https://api.prod.pi.financial/cms/assets/5827a240-4cd5-4bcc-b100-1a1c6b85b002,Tanadech Rungsrithananon,2025-04-23,KKP,HOLD,51.0,47.5,50.0,50.0,50.0,
23/04/2025 HMPRO (BUY : Fair Price : Bt 11.00) : คาดกำไร 1Q25 อ่อนตัวเล็กน้อย YoY,https://api.prod.pi.financial/cms/assets/4fe3da9e-cc84-4801-b288-d3c2b2bb4773,Thanawich Boonchuwong,2025-04-23,HMPRO,BUY,11.0,8.45,8.5,8.5,8.5,
22/04/2025 KBANK (BUY : Fair Price : Bt 170.00) : Valuation ไม่แพง และงบดุลแกร่ง,https://api.prod.pi.financial/cms/assets/4ef0d3f2-f6a1-4af6-887f-24718a4c5bbb,Tanadech Rungsrithananon,2025-04-22,KBANK,BUY,170.0,149.0,154.5,165.0,165.0,
22/04/2025 SCB (HOLD : Fair Price : Bt 122.00) : เงินปันผลสูงลดผันผวนของราคาหุ้น,https://api.prod.pi.financial/cms/assets/29361bbf-ceca-4d4f-b9ff-62331fbcba79,Tanadech Rungsrithananon,2025-04-22,SCB,HOLD,122.0,112.0,117.0,120.5,120.5,
22/04/2025 ICHI (HOLD : Fair Price : Bt 12.50) : คาดอากาศหนาวเย็นกดดันกำไร 1Q25 ลดลง YoY,https://api.prod.pi.financial/cms/assets/5234b91b-a84c-4d40-8b5e-165cafb3b3a2,Thanawich Boonchuwong,2025-04-22,ICHI,HOLD,12.5,12.0,12.1,12.1,12.1,
21/04/2025 KTB (BUY : Fair Price : Bt 24.50) : งบดุลแกร่ง เงินปันผลสูง,https://api.prod.pi.financial/cms/assets/446c6e79-788f-4f3e-8838-15604e9db7b0,Tanadech Rungsrithananon,2025-04-21,KTB,BUY,24.5,20.2,21.0,22.8,22.8,
21/04/2025 TTB (HOLD : Fair Price : Bt 2.00) : การเติบโตอ่อนแอกว่าคาด แต่เงินปันผลสูง,https://api.prod.pi.financial/cms/assets/266da5c8-4ca1-4c39-8abf-0bc21782fcfe,Tanadech Rungsrithananon,2025-04-21,TTB,HOLD,2.0,1.82,1.81,1.89,1.91,
21/04/2025 KTC (HOLD : Fair Price : Bt 45.00) : งบดุลแข็งแกร่ง แต่ Valuation ยังสูง,https://api.prod.pi.financial/cms/assets/a2a41117-83dd-4669-8377-63ae0cb83981,Tanadech Rungsrithananon,2025-04-21,KTC,HOLD,45.0,45.5,46.5,46.5,46.5,
18/04/2025 GLOBAL (HOLD : Fair Price : Bt 7.80) : คาด SSSG หดตัวกดดันกำไร 1Q25 ลง YoY,https://api.prod.pi.financial/cms/assets/e6f5c852-30c6-4d2b-b5c6-7bd9fc02e500,Thanawich Boonchuwong,2025-04-18,GLOBAL,HOLD,7.8,7.15,7.05,7.2,7.2,
18/04/2025 BBL (BUY : Fair Price : Bt 172.00) : กำไร 1Q25 เพิ่มจากกำไรเงินลงทุนสูงขึ้น,https://api.prod.pi.financial/cms/assets/606980b0-b2e1-453e-b5ce-886328caff01,Tanadech Rungsrithananon,2025-04-18,BBL,BUY,172.0,144.0,143.5,143.5,143.5,
18/04/2025 TISCO (HOLD : Fair Price : Bt 100.00) : เงินปันผลสูงลดผันผวนของราคาหุ้น,https://api.prod.pi.financial/cms/assets/3856de1c-f81f-4163-afab-9ca80932f346,Tanadech Rungsrithananon,2025-04-18,TISCO,HOLD,100.0,100.0,100.0,100.0,100.0,
17/04/2025 AOT (BUY : Fair Price : Bt 50.00) : FY2Q25 ผู้โดยสารโต 8%YoY,https://api.prod.pi.financial/cms/assets/13de35c5-d57a-4bdf-b2bc-ba90c622deae,Dome Kunprayoonsawad,2025-04-17,AOT,BUY,50.0,37.75,38.25,38.5,39.25,
10/04/2025 CPALL (BUY : Fair Price : Bt 80.00) : คาดกำไร 1Q25 ยังโตแข็งแกร่ง YoY,https://api.prod.pi.financial/cms/assets/54a7733d-8d27-4bca-b698-3b06a42657bc,Thanawich Boonchuwong,2025-04-10,CPALL,BUY,80.0,50.25,51.0,51.0,52.25,
09/04/2025 CRC (BUY : Fair Price : Bt 29.00) : ชะลอตัวระยะสั้น ระยะยาวยังสดใส,https://api.prod.pi.financial/cms/assets/9b58ec78-6e42-47b9-91ed-77340daf7550,Thanawich Boonchuwong,2025-04-09,CRC,BUY,29.0,22.4,23.9,23.9,23.9,
09/04/2025 CPAXT (BUY : Fair Price : Bt 30.00) : คาดกำไร 1Q25 โตต่อเนื่อง YoY,https://api.prod.pi.financial/cms/assets/1dac5118-7d4f-4136-90ee-f9d4d999584d,Thanawich Boonchuwong,2025-04-09,CPAXT,BUY,30.0,24.3,25.5,25.5,25.5,
08/04/2025 CPF (BUY : Fair Price : Bt 30.60) : คาด 1Q25 หมูดันกำไรทะลุ 7000 ล้านบาท,https://api.prod.pi.financial/cms/assets/0965a391-4ded-4868-8315-bb06b94ec1d8,Dome Kunprayoonsawad,2025-04-08,CPF,BUY,30.6,22.2,25.5,25.75,26.5,
02/04/2025 KTB (HOLD : Fair Price : Bt 24.50) : เศรษฐกิจท้าทายสูงขึ้นกดดันการเติบโต,https://api.prod.pi.financial/cms/assets/2f2c562f-b3ed-4ec5-a6a7-9af249f45c5d,Tanadech Rungsrithananon,2025-04-02,KTB,HOLD,24.5,24.3,23.5,23.5,23.5,
28/03/2025 DOHOME (HOLD : Fair Price : Bt 6.70) : คาดกำไร 1Q25 ฟื้นตัวเล็กน้อย YoY,https://api.prod.pi.financial/cms/assets/62fc554a-ad44-4499-858e-e8ac5f5c501b,Thanawich Boonchuwong,2025-03-28,DOHOME,HOLD,6.7,5.55,5.6,5.6,5.6,
28/03/2025 BDMS (BUY : Fair Price : Bt 28.00) : รายได้ต่างชาติเติบโต หนุนกำไรสุทธิ 1Q25,https://api.prod.pi.financial/cms/assets/4608412b-e83b-4681-b3e5-07af258607c8,Tanadech Rungsrithananon,2025-03-28,BDMS,BUY,28.0,22.2,22.7,23.3,23.8,Pakjira Manatangsakunkit
27/03/2025 ITC (BUY : Fair Price : Bt 25.40) : 1Q25 แย่กว่าที่เคยคาดไว้,https://api.prod.pi.financial/cms/assets/dc66ba06-6226-4b23-9fe4-11c1cfcf4c33,Dome Kunprayoonsawad,2025-03-27,ITC,BUY,25.4,14.2,14.1,14.1,14.1,
25/03/2025 CBG (BUY : Fair Price : Bt 90.00) : คาดกำไร 1Q25 ทำจุดสูงสุดในรอบ 15 ไตรมาส,https://api.prod.pi.financial/cms/assets/a79380e0-d217-4dab-9b94-abc89606a5ba,Thanawich Boonchuwong,2025-03-25,CBG,BUY,90.0,61.0,61.25,61.25,63.0,
24/03/2025 CPN (BUY : Fair Price : Bt 80.00) : มีความชัดเจนของศูนย์ใหม่ในปี 25-27,https://api.prod.pi.financial/cms/assets/f04d9e7c-4f03-4609-9c9c-2e8e0adf671a,Dome Kunprayoonsawad,2025-03-24,CPN,BUY,80.0,50.75,50.0,50.0,50.0,
21/03/2025 TTB (BUY : Fair Price : Bt 2.12) : ซื้อหุ้นคืน และเงินปันผลลดความผันผวนของราคาหุ้น,https://api.prod.pi.financial/cms/assets/274cf8e4-968d-49b9-973d-eee1133c0ca4,Tanadech Rungsrithananon,2025-03-21,TTB,BUY,2.12,1.94,2.0,2.0,2.0,
19/03/2025 SPALI (BUY : Fair Price : Bt 19.50) : คาดกำไรสุทธิ 1Q25 เติบโต YoY จากฐานต่ำ,https://api.prod.pi.financial/cms/assets/f7d80ded-fce2-4a6d-b574-5506beb78e7f,Tanadech Rungsrithananon,2025-03-19,SPALI,BUY,19.5,17.2,17.4,17.4,17.4,Pakjira Manatangsakunkit
19/03/2025 ILM (BUY : Fair Price : Bt 16.50) : ปันผลสูงและยังเติบโตได้ท่ามกลางความท้าทาย,https://api.prod.pi.financial/cms/assets/b337ffa3-0363-4864-be4c-f0c18f5abc7d,Thanawich Boonchuwong,2025-03-19,ILM,BUY,16.5,14.1,14.2,14.2,14.2,
19/03/2025 AH (HOLD : Fair Price : Bt 13.40) : ต้นปียังเหนื่อย,https://api.prod.pi.financial/cms/assets/bb296fce-02a8-4ea2-b1ca-48ffa2e20cbe,Dome Kunprayoonsawad,2025-03-19,AH,HOLD,13.4,12.7,12.9,12.9,12.9,
18/03/2025 WHA (BUY : Fair Price : Bt 5.30) : ตลาดไม่ดี ตัดสินใจเลื่อน WHAID เข้าตลาด,https://api.prod.pi.financial/cms/assets/ebc372d8-f319-49ff-a9bf-bc5986051225,Dome Kunprayoonsawad,2025-03-18,WHA,BUY,5.3,3.58,3.78,3.78,3.78,
17/03/2025 TISCO (HOLD : Fair Price : Bt 100.00) : เงินปันผลสูง แม้การเติบโตปี 2025 อ่อนแอ,https://api.prod.pi.financial/cms/assets/6ba12685-7de9-4b38-b230-9a10e0380eee,Tanadech Rungsrithananon,2025-03-17,TISCO,HOLD,100.0,98.75,101.0,101.0,101.0,
14/03/2025 AMATA (BUY : Fair Price : Bt 33.60) : ปี 25 ตั้งเป้ายอดขายเบื้องต้น 2000 ไร่,https://api.prod.pi.financial/cms/assets/a687c188-571a-4467-8bde-a8c06335158e,Dome Kunprayoonsawad,2025-03-14,AMATA,BUY,33.6,21.9,22.1,22.1,22.1,
13/03/2025 M (BUY : Fair Price : Bt 25.00) : เติบโตอย่างมั่นคงและมีคุณภาพ,https://api.prod.pi.financial/cms/assets/c558ddd3-2c7d-4357-abcb-7d6ecc38c3ec,Thanawich Boonchuwong,2025-03-13,M,BUY,25.0,19.8,20.3,20.3,20.3,
12/03/2025 AP (BUY : Fair Price : Bt 10.50) : กลยุทธ์เชิงรุกปี 2025 ชิงส่วนแบ่งการตลาด,https://api.prod.pi.financial/cms/assets/63252595-dd1f-406f-b366-1257c42665af,Tanadech Rungsrithananon,2025-03-12,AP,BUY,10.5,8.8,9.0,9.0,9.0,Pakjira Manatangsakunkit
11/03/2025 XO (BUY : Fair Price : Bt 21.20) : 1H25 ยังไม่ใช่จังหวะที่ดี,https://api.prod.pi.financial/cms/assets/9a23f428-00ec-449c-bc45-ea13a0474e0e,Dome Kunprayoonsawad,2025-03-11,XO,BUY,21.2,15.7,16.4,17.1,17.1,
11/03/2025 TIDLOR (BUY : Fair Price : Bt 19.30) : เดินหน้าสู่การเป็นบริษัทลงทุน,https://api.prod.pi.financial/cms/assets/fb84cf8f-478c-44a8-b32f-635bf4caa22c,Tanadech Rungsrithananon,2025-03-11,TIDLOR,BUY,19.3,15.3,14.8,15.6,15.6,
10/03/2025 ORI (HOLD : Fair Price : Bt 2.95) : REIT หนุนกำไรสุทธิปี 2025 โตจากฐานต่ำ,https://api.prod.pi.financial/cms/assets/3c80e8e6-18a5-4396-9762-8def81f4f40c,Tanadech Rungsrithananon,2025-03-10,ORI,HOLD,2.95,2.64,2.64,2.66,2.66,Pakjira Manatangsakunkit
07/03/2025 CK (BUY : Fair Price : Bt 21.20) : ปี 25 รายได้โตโดยไม่ง้องานใหม่,https://api.prod.pi.financial/cms/assets/277b12c3-b288-497e-b30c-796e64cf30ae,Dome Kunprayoonsawad,2025-03-07,CK,BUY,21.2,15.2,15.3,15.3,15.3,
07/03/2025 BA (BUY : Fair Price : Bt 31.00) : ปี 25 เตรียมสรุปแผนขยายสมุย,https://api.prod.pi.financial/cms/assets/3e9f07ff-5e38-4603-b78b-d4517f48f51c,Dome Kunprayoonsawad,2025-03-07,BA,BUY,31.0,21.2,21.4,21.4,21.4,
07/03/2025 SAPPE (HOLD : Fair Price : Bt 42.00) : ชะลอตัวระยะสั้น,https://api.prod.pi.financial/cms/assets/c2547458-a510-486f-92b2-ba54a142180d,Thanawich Boonchuwong,2025-03-07,SAPPE,HOLD,42.0,38.25,36.75,37.25,37.25,
06/03/2025 STECON (BUY : Fair Price : Bt 8.59) : ยอมเจ็บปี 24 ปี 25 มีแต่ข่าวดี,https://api.prod.pi.financial/cms/assets/57e5fd85-6876-4deb-8fbb-d29564c1fbe5,Dome Kunprayoonsawad,2025-03-06,STECON,BUY,8.59,5.25,5.6,5.6,5.6,
06/03/2025 HMPRO (BUY : Fair Price : Bt 11.00) : จับกลุ่มลูกค้าบ้านเก่าสร้างการเติบโต,https://api.prod.pi.financial/cms/assets/e8ce72b3-478b-46db-b318-09ba9603d454,Thanawich Boonchuwong,2025-03-06,HMPRO,BUY,11.0,7.9,8.1,8.1,8.4,
05/03/2025 TVO (BUY : Fair Price : Bt 28.20) : 4Q24 น้ำมันดีต่อเนื่อง ทำกำไรโตแรง,https://api.prod.pi.financial/cms/assets/9f67eba6-9286-427e-a8d2-d945c29cef70,Dome Kunprayoonsawad,2025-03-05,TVO,BUY,28.2,23.5,23.5,23.5,23.5,
03/03/2025 CENTEL (BUY : Fair Price : Bt 38.00) : คาดกำไรสุทธิปี 2025 เติบโตต่อเนื่อง,https://api.prod.pi.financial/cms/assets/f2e69eef-aac9-4882-97d0-6e3816ce529a,Tanadech Rungsrithananon,2025-03-03,CENTEL,BUY,38.0,32.75,33.75,33.75,33.75,Pakjira Manatangsakunkit
03/03/2025 CPN (BUY : Fair Price : Bt 87.00) : 4Q24 กำไรปกติดีเกินคาด,https://api.prod.pi.financial/cms/assets/7e26ffb8-54fe-444c-a72c-5fdae0da6146,Dome Kunprayoonsawad,2025-03-03,CPN,BUY,87.0,50.75,52.0,52.0,52.0,
03/03/2025 CRC (BUY : Fair Price : Bt 37.00) : เติบโตอย่างมั่นคงใน 3 ประเทศหลัก,https://api.prod.pi.financial/cms/assets/a8052be2-484e-41f2-9396-4b1418cd8380,Thanawich Boonchuwong,2025-03-03,CRC,BUY,37.0,31.25,31.5,31.5,31.5,
03/03/2025 CPALL (BUY : Fair Price : Bt 80.00) : ผู้นำค้าปลีกไทยที่แข็งแกร่ง,https://api.prod.pi.financial/cms/assets/db6954d8-942f-48a4-b548-c7f624a02add,Thanawich Boonchuwong,2025-03-03,CPALL,BUY,80.0,52.5,52.5,52.5,52.5,
03/03/2025 SAWAD (HOLD : Fair Price : Bt 36.00) : การฟื้นตัวในปี 2025 ยังไม่โดดเด่น,https://api.prod.pi.financial/cms/assets/7280d239-858d-40a9-80d3-0bac20ca1a31,Tanadech Rungsrithananon,2025-03-03,SAWAD,HOLD,36.0,31.13636641,31.36363916,31.36363916,31.36363916,
28/02/2025 CPF (BUY : Fair Price : Bt 30.60) : คาด 4Q24 กำไร 4000 ล้านบาท,https://api.prod.pi.financial/cms/assets/a63cdf28-35d2-4066-85ac-a4dfcea275f9,Dome Kunprayoonsawad,2025-02-28,CPF,BUY,30.6,24.4,24.4,24.4,24.4,
27/02/2025 M (BUY : Fair Price : Bt 25.00) : ปรับตัวมากขึ้น ออกโปรหมูไม่อั้น,https://api.prod.pi.financial/cms/assets/f1dfcd8e-e4bd-4706-b4be-b5aed4647d90,Thanawich Boonchuwong,2025-02-27,M,BUY,25.0,19.3,19.7,20.0,20.3,
27/02/2025 OSP (HOLD : Fair Price : Bt 16.00) : รุกตลาดขวด 10 บาทมากขึ้น,https://api.prod.pi.financial/cms/assets/ef1aa08b-6fc2-4ffc-a6cc-6093226f2e4e,Thanawich Boonchuwong,2025-02-27,OSP,HOLD,16.0,14.3,15.7,16.2,16.2,
27/02/2025 SAT (BUY : Fair Price : Bt 16.70) : เริ่มได้คำสั่งซื้อจาก BYD แต่ไปที่ JV ก่อน,https://api.prod.pi.financial/cms/assets/1121ca9b-5ced-4fdd-9e76-ec0c956d7c4c,Dome Kunprayoonsawad,2025-02-27,SAT,BUY,16.7,12.2,12.4,12.4,12.4,
27/02/2025 SAPPE (HOLD : Fair Price : Bt 50.00) : ตัวเลขส่งออกเดือน ม.ค. 2025 ส่งสัญญาณไม่สดใส,https://api.prod.pi.financial/cms/assets/5383b054-79bb-40ff-848d-b7d1acc3efa5,Thanawich Boonchuwong,2025-02-27,SAPPE,HOLD,50.0,48.0,45.25,45.25,45.25,
26/02/2025 HMPRO (BUY : Fair Price : Bt 11.00) : กำไร 4Q24 โต YoY ตามคาด,https://api.prod.pi.financial/cms/assets/c85c31ff-d84d-4018-aa70-48ae0bfb0a99,Thanawich Boonchuwong,2025-02-26,HMPRO,BUY,11.0,8.45,8.45,8.45,8.45,
26/02/2025 AAV (BUY : Fair Price : Bt 3.03) : 4Q24 ดีกว่าคาด ปี 25 เน้นในประเทศ,https://api.prod.pi.financial/cms/assets/a454ae60-b931-45af-8e4b-e3c58b3e0cc6,Dome Kunprayoonsawad,2025-02-26,AAV,BUY,3.03,2.08,2.04,2.04,2.04,
26/02/2025 CPALL (BUY : Fair Price : Bt 80.00) : กำไร 4Q24 ทำสถิติสูงสุดใหม่,https://api.prod.pi.financial/cms/assets/b362d388-5526-4818-acd5-825206194034,Thanawich Boonchuwong,2025-02-26,CPALL,BUY,80.0,54.25,54.0,54.0,54.0,
25/02/2025 SAPPE (BUY : Fair Price : Bt 63.00) : กำไร 4Q24 ฟื้นกลับมาโต YoY,https://api.prod.pi.financial/cms/assets/3e2d8b13-d0f8-4dff-bbb3-f2c8b23ee8b6,Thanawich Boonchuwong,2025-02-25,SAPPE,BUY,63.0,52.5,49.0,49.0,49.0,
25/02/2025 ICHI (HOLD : Fair Price : Bt 14.00) : กำไร 4Q24 ต่ำกว่าที่เราและตลาดคาด,https://api.prod.pi.financial/cms/assets/81021462-ae7f-432b-85e0-802178cfe8f6,Thanawich Boonchuwong,2025-02-25,ICHI,HOLD,14.0,12.4,12.7,13.1,13.1,
25/02/2025 WHA (BUY : Fair Price : Bt 5.20) : ราคาหุ้นลงมากเกินความเป็นจริง,https://api.prod.pi.financial/cms/assets/3a5c06b2-05da-45b8-8b20-6590d90d787b,Dome Kunprayoonsawad,2025-02-25,WHA,BUY,5.2,3.44,3.64,3.76,3.76,
25/02/2025 TOP (HOLD : Fair Price : Bt 27.50) : อุปสงค์ชะลอตัว รอรายละเอียด CFP ใน 3Q24,https://api.prod.pi.financial/cms/assets/9b880ac7-e617-4e3b-933f-84850f841510,Aomsub Ngowsiri,2025-02-25,TOP,HOLD,27.5,25.0,24.5,25.75,26.0,
24/02/2025 AP (BUY : Fair Price : Bt 10.50) : คาดกำไร 4Q24 อ่อนตัว QoQ,https://api.prod.pi.financial/cms/assets/ebda13f4-60fe-4669-b2d0-1c8725d6a253,Tanadech Rungsrithananon,2025-02-24,AP,BUY,10.5,8.5,8.95,8.95,8.95,Pakjira Manatangsakunkit
24/02/2025 SAV (BUY : Fair Price : Bt 23.75) : ปี 25 แม้ลาวไม่มาก็ยังโตได้,https://api.prod.pi.financial/cms/assets/b9b76957-7aa5-4487-9c8b-9c461bfecd9f,Dome Kunprayoonsawad,2025-02-24,SAV,BUY,23.75,18.5,17.8,17.8,17.8,
24/02/2025 CBG (BUY : Fair Price : Bt 90.00) : Market share พุ่ง หนุนกำไร 4Q24 โตแกร่ง YoY,https://api.prod.pi.financial/cms/assets/9a6cec36-81c0-49e7-a284-ec68943f5deb,Thanawich Boonchuwong,2025-02-24,CBG,BUY,90.0,71.0,71.25,71.25,71.25,
24/02/2025 TCAP (HOLD : Fair Price : Bt 52.00) :   หุ้นปันผลสูง,https://api.prod.pi.financial/cms/assets/2d081b1d-619a-4059-82b8-067531b5db3d,Tanadech Rungsrithananon,2025-02-24,TCAP,HOLD,52.0,50.25,49.0,49.0,49.0,
21/02/2025 NER (BUY : Fair Price : Bt 6.50) : ปี 25 ตั้งเป้ายอดขาย 500000 ตัน,https://api.prod.pi.financial/cms/assets/a0831f24-3c37-4934-8109-f6d667ee22fb,Dome Kunprayoonsawad,2025-02-21,NER,BUY,6.5,4.96,4.98,4.98,4.98,
21/02/2025 COCOCO (SELL : Fair Price : Bt 7.60) : ต้นทุนมะพร้าวกดดันกำไร 4Q24,https://api.prod.pi.financial/cms/assets/95ccaa87-0ca2-4979-9a7a-2280fcc2471c,Thanawich Boonchuwong,2025-02-21,COCOCO,SELL,7.6,8.65,8.4,8.4,8.4,
21/02/2025 SC (BUY : Fair Price : Bt 3.04) : ปี 25 รายได้ Engine 2 เพิ่ม,https://api.prod.pi.financial/cms/assets/b7beafdf-b300-41ef-831c-ea935ce29ce5,Dome Kunprayoonsawad,2025-02-21,SC,BUY,3.04,2.62,2.62,2.62,2.62,
21/02/2025 GFPT (BUY : Fair Price : Bt 13.00) : ปี 25 ตั้งเป้ารายได้โต 2-3%,https://api.prod.pi.financial/cms/assets/abdfe109-7133-4959-9b37-0f6159a7887d,Dome Kunprayoonsawad,2025-02-21,GFPT,BUY,13.0,8.8,8.85,8.85,8.85,
21/02/2025 MTC (BUY : Fair Price : Bt 53.00) : ผ่อนคลายสำรองหนี้ฯ หนุนเติบโตแกร่ง,https://api.prod.pi.financial/cms/assets/e75b308f-c3b1-4c1e-a7e2-b0bac2a73bcb,Tanadech Rungsrithananon,2025-02-21,MTC,BUY,53.0,47.75,48.25,48.25,48.25,
20/02/2025 MINT (BUY : Fair Price : Bt 36.00) : เร่งขยายสาขาใหม่ หนุนกำไรปกติ 2025 เติบโตดี,https://api.prod.pi.financial/cms/assets/51fba2d2-cd9c-4581-bad3-91a4fb4ce157,Tanadech Rungsrithananon,2025-02-20,MINT,BUY,36.0,28.25,29.25,29.25,29.5,Pakjira Manatangsakunkit
20/02/2025 BJC (BUY : Fair Price : Bt 26.00) : กำไรก่อนภาษี 4Q24 เติบโตแข็งแกร่ง YoY และ QoQ,https://api.prod.pi.financial/cms/assets/0e611c35-d451-4c7a-9fc2-d653767c10bb,Thanawich Boonchuwong,2025-02-20,BJC,BUY,26.0,22.2,22.9,22.9,22.9,
20/02/2025 DOHOME (BUY : Fair Price : Bt 9.00) : กำไร 4Q24 ฟื้นตัว ขณะที่ราคาหุ้นสะท้อนปัจจัยลบไปเยอะ,https://api.prod.pi.financial/cms/assets/0e64739c-c166-423f-a4c2-7a6131aa05c2,Thanawich Boonchuwong,2025-02-20,DOHOME,BUY,9.0,6.68181528,7.2545423,7.2545423,7.2545423,
20/02/2025 SAT (BUY : Fair Price : Bt 14.80) : 4Q24 ดีเกินคาดไปมาก,https://api.prod.pi.financial/cms/assets/99d2b11a-2df7-490f-8871-8ae61643f61d,Dome Kunprayoonsawad,2025-02-20,SAT,BUY,14.8,12.2,12.3,12.4,12.4,
19/02/2025 TU (BUY : Fair Price : Bt 17.60) : มองการเติบโตจะมาช่วง 2Q25 เป็นต้นไป,https://api.prod.pi.financial/cms/assets/4d43252b-79d5-424b-9739-fbb1aa39fe1e,Dome Kunprayoonsawad,2025-02-19,TU,BUY,17.6,12.0,12.0,12.0,12.0,
19/02/2025 TFM (BUY : Fair Price : Bt 13.80) : 4Q24 กำไรสุทธิ 151 ล้านบาท,https://api.prod.pi.financial/cms/assets/f38e627e-4d26-479b-9366-efe7dd2c17f3,Dome Kunprayoonsawad,2025-02-19,TFM,BUY,13.8,5.0,5.3,5.3,5.3,
19/02/2025 CPAXT (BUY : Fair Price : Bt 33.00) : กำไร 4Q24 โตเด่น YoY และ QoQ,https://api.prod.pi.financial/cms/assets/08dde57b-d6e6-4a48-917a-4d95b6d85fb7,Thanawich Boonchuwong,2025-02-19,CPAXT,BUY,33.0,28.25,28.75,28.75,28.75,
17/02/2025 AOT (HOLD : Fair Price : Bt 50.00) : รอความชัดเจนเดือน มี.ค. อีกครั้ง,https://api.prod.pi.financial/cms/assets/7d414cbf-1c26-4f40-9d8e-86b9b3a69d1f,Dome Kunprayoonsawad,2025-02-17,AOT,HOLD,50.0,43.25,43.75,43.75,43.75,
17/02/2025 TOP (BUY : Fair Price : Bt 29.00) : กำไรปกติใกล้เคียงคาด รอประชุม EGM,https://api.prod.pi.financial/cms/assets/2840dac9-3926-4987-94d7-419a6c1ef914,Aomsub Ngowsiri,2025-02-17,TOP,BUY,29.0,26.5,26.75,26.75,26.75,
17/02/2025 ITC (BUY : Fair Price : Bt 25.40) : 4Q24 กำไรตามคาด ส่วน 25 โดนภาษี,https://api.prod.pi.financial/cms/assets/3af6cac4-aab8-4bb1-8b8e-ebcfd2b66a1a,Dome Kunprayoonsawad,2025-02-17,ITC,BUY,25.4,18.6,18.9,18.9,18.9,
14/02/2025 MC (BUY : Fair Price : Bt 13.00) : ยอดขายออนไลน์หนุนกำไร FY2Q25 ทำ All-time high,https://api.prod.pi.financial/cms/assets/f0f58951-64ef-4dcc-8294-26e6ec51582e,Thanawich Boonchuwong,2025-02-14,MC,BUY,13.0,10.9,11.3,11.3,11.3,
14/02/2025 CPN (BUY : Fair Price : Bt 87.00) : 4Q24 ถูกกดดันจากค่าใช้จ่ายการตลาดเพิ่ม,https://api.prod.pi.financial/cms/assets/9aae7e30-c172-4526-b91c-27a3ee7c318c,Dome Kunprayoonsawad,2025-02-14,CPN,BUY,87.0,48.75,52.25,52.25,52.25,
13/02/2025 GLOBAL (HOLD : Fair Price : Bt 9.50) : SSSG ยังกดดันการเติบโตในปี2025,https://api.prod.pi.financial/cms/assets/f8a0c3a2-044b-4a4b-8604-00fcb934fa34,Thanawich Boonchuwong,2025-02-13,GLOBAL,HOLD,9.5,7.65555625,8.13703777,8.13703777,8.13703777,
13/02/2025 ORI (HOLD : Fair Price : Bt 2.95) : กำไรสุทธิ 4Q24 คาดอ่อนแอมาก,https://api.prod.pi.financial/cms/assets/8bf55d12-e494-4147-8181-0db9474a13f6,Tanadech Rungsrithananon,2025-02-13,ORI,HOLD,2.95,2.98,3.26,3.26,3.26,Pakjira Manatangsakunkit
11/02/2025 AMATA (BUY : Fair Price : Bt 34.00) : ยอดขายปี 24 ทะลุเป้า เป็นแรงหนุนปี 25,https://api.prod.pi.financial/cms/assets/ca73b26f-be6d-4fbc-ba2b-2737c711b852,Dome Kunprayoonsawad,2025-02-11,AMATA,BUY,34.0,24.7,25.0,25.25,25.25,
11/02/2025 TIDLOR (BUY : Fair Price : Bt 19.30) : งบดุลดีขึ้นหนุนผ่อนคลายสำรองหนี้ฯ ลง,https://api.prod.pi.financial/cms/assets/259275a5-9c77-4614-91e8-559b6eb6c277,Tanadech Rungsrithananon,2025-02-11,TIDLOR,BUY,19.3,17.6,18.3,18.6,18.6,
10/02/2025 GFPT (BUY : Fair Price : Bt 13.00) : 4Q24 กำไรลดเพราะราคาขาย,https://api.prod.pi.financial/cms/assets/f08a9797-b2b1-4042-bfe4-c97d99b883a2,Dome Kunprayoonsawad,2025-02-10,GFPT,BUY,13.0,8.6,9.3,9.3,9.3,
10/02/2025 CRC (BUY : Fair Price : Bt 40.00) : คาดกำไรก่อนภาษี 4Q24 โต 15% YoY,https://api.prod.pi.financial/cms/assets/1ccfce4f-9da0-4982-a572-515ea3aa22d3,Thanawich Boonchuwong,2025-02-10,CRC,BUY,40.0,33.0,36.0,36.0,36.0,
06/02/2025 SPALI (BUY : Fair Price : Bt 19.50) : การเติบโตมีความท้าทายจากการแข่งขันด้านราคา,https://api.prod.pi.financial/cms/assets/1b5677fe-fe00-45f1-b877-f01d59b88284,Tanadech Rungsrithananon,2025-02-06,SPALI,BUY,19.5,15.3,15.7,16.3,17.2,Pakjira Manatangsakunkit
06/02/2025 SAT (BUY : Fair Price : Bt 14.70) : 4Q24 มีโอกาสออกมาแย่กว่าคาด,https://api.prod.pi.financial/cms/assets/cbebb7db-c5b2-45ee-9a5b-55259748403c,Dome Kunprayoonsawad,2025-02-06,SAT,BUY,14.7,10.2,10.5,12.3,12.3,
05/02/2025 GLOBAL (HOLD : Fair Price : Bt 10.50) : แนวโน้มปี2025 ท้าทายกว่าคาด,https://api.prod.pi.financial/cms/assets/bb724844-071e-4c11-98cf-aab688b0ab3b,Thanawich Boonchuwong,2025-02-05,GLOBAL,HOLD,10.5,9.05185267,8.81111191,8.81111191,8.81111191,
05/02/2025 WHA (BUY : Fair Price : Bt 6.10) : คาด 4Q24 กำไรสูงสุดของปี 24,https://api.prod.pi.financial/cms/assets/f1b06dc5-a617-4a93-8442-cbce80f155b9,Dome Kunprayoonsawad,2025-02-05,WHA,BUY,6.1,4.7,4.64,4.72,4.72,
05/02/2025 BBIK (BUY : Fair Price : Bt 46.00) : คาดกำไรทำจุดสูงสุดใหม่ กลับมามี Upside อีกครั้ง,https://api.prod.pi.financial/cms/assets/9e2b606f-272e-4d28-a98d-16279d7be655,Aomsub Ngowsiri,2025-02-05,BBIK,BUY,46.0,34.25,34.5,35.25,36.5,
05/02/2025 CREDIT (BUY : Fair Price : Bt 24.00) : กำไรเติบโตต่อเนื่องในปี 2025,https://api.prod.pi.financial/cms/assets/d4d44a02-e8aa-4678-b02c-f6bacb794c11,Tanadech Rungsrithananon,2025-02-05,CREDIT,BUY,24.0,19.3,19.0,19.0,19.0,
04/02/2025 KBANK (BUY : Fair Price : Bt 180.00) : เป้าหมายเพิ่ม ROE เป็น 2 หลักยังท้าทาย,https://api.prod.pi.financial/cms/assets/ba64105b-8786-4fef-bd00-e520fe2cdd0d,Tanadech Rungsrithananon,2025-02-04,KBANK,BUY,180.0,163.0,161.0,163.5,164.0,
03/02/2025 PTTEP (HOLD : Fair Price : Bt 141.00) : มองไปข้างหน้า ราคาน้ำมันยังเผชิญความท้าทาย,https://api.prod.pi.financial/cms/assets/ed80636a-5aec-4124-a995-cd0cecd8a810,Aomsub Ngowsiri,2025-02-03,PTTEP,HOLD,141.0,126.0,125.5,127.5,128.0,
03/02/2025 MTC (BUY : Fair Price : Bt 53.00) : หุ้นเติบโตสูงในกลุ่มไมโครไฟแนนส์,https://api.prod.pi.financial/cms/assets/ee24e0e2-401a-4f23-82ab-d4aa29e33a95,Tanadech Rungsrithananon,2025-02-03,MTC,BUY,53.0,44.0,44.5,47.25,48.25,
31/01/2025 MINT (BUY : Fair Price : Bt 36.00) : คาดกำไรปกติ 4Q24 เติบโตดี แม้นอกฤดูกาล,https://api.prod.pi.financial/cms/assets/0b19c91c-f1d4-4c4e-91e9-34407cc8dee3,Tanadech Rungsrithananon,2025-01-31,MINT,BUY,36.0,24.0,25.5,27.75,29.0,Pakjira Manatangsakunkit
31/01/2025 AAV (BUY : Fair Price : Bt 3.50) : 4Q24 โดนค่าเงินกดดัน แต่ธุรกิจหลักกำไร,https://api.prod.pi.financial/cms/assets/e06cd529-d224-49a8-9815-b62fd151242f,Dome Kunprayoonsawad,2025-01-31,AAV,BUY,3.5,2.12,2.1,2.12,2.24,
31/01/2025 CPALL (BUY : Fair Price : Bt 80.00) : คาดกำไร 4Q24 ทำสถิติสูงสุดใหม่,https://api.prod.pi.financial/cms/assets/d2495aea-3012-41b1-9bf5-df93b7cbadc8,Thanawich Boonchuwong,2025-01-31,CPALL,BUY,80.0,52.0,52.5,52.5,52.5,
30/01/2025 CENTEL (BUY : Fair Price : Bt 38.00) : คาดกำไร 4Q24 อ่อนตัว YoY,https://api.prod.pi.financial/cms/assets/f511c440-b786-4a65-9c05-26b2aa05be33,Tanadech Rungsrithananon,2025-01-30,CENTEL,BUY,38.0,28.75,29.5,29.5,30.5,Pakjira Manatangsakunkit
29/01/2025 OSP (HOLD : Fair Price : Bt 20.00) : คาดกำไร 4Q24 ฟื้นตัว แต่การแข่งขันมีแนวโน้มรุนแรงมากขึ้น,https://api.prod.pi.financial/cms/assets/3b241f9b-383b-42ae-8fcb-9f68f72d66eb,Thanawich Boonchuwong,2025-01-29,OSP,HOLD,20.0,17.6,17.1,17.1,17.1,
28/01/2025 COCOCO (HOLD : Fair Price : Bt 10.90) : พักตัวระยะสั้น คาดราคามะพร้าวกดดันกำไรปกติ 4Q24,https://api.prod.pi.financial/cms/assets/0eb72acf-768a-436e-b3fa-4a8a784ebf22,Thanawich Boonchuwong,2025-01-28,COCOCO,HOLD,10.9,10.2,10.4,10.4,10.4,
28/01/2025 STANLY (HOLD : Fair Price : Bt 210.00) : FY3Q25 ยังมีค่าใช้จ่ายควบรวมโรงงาน,https://api.prod.pi.financial/cms/assets/d63cac8b-1268-4849-b753-738bb6e81768,Dome Kunprayoonsawad,2025-01-28,STANLY,HOLD,210.0,218.0,219.0,219.0,219.0,
27/01/2025 CPF (BUY : Fair Price : Bt 28.75) : คาด 4Q24 กำไร 4000 ล้านบาท,https://api.prod.pi.financial/cms/assets/92d38703-af63-4e8e-98c3-66a115119e0e,Dome Kunprayoonsawad,2025-01-27,CPF,BUY,28.75,23.0,22.9,22.9,22.9,
24/01/2025 SAPPE (BUY : Fair Price : Bt 70.00) : คาดกำไร 4Q24 ฟื้นกลับมาโต YoY,https://api.prod.pi.financial/cms/assets/2f912532-ca89-47fd-98b6-8735e8ba49c1,Thanawich Boonchuwong,2025-01-24,SAPPE,BUY,70.0,59.0,58.25,58.25,58.25,
23/01/2025 KTB (HOLD : Fair Price : Bt 24.50) : Upside gain จำกัดหลังรับรู้ข่าวดีไปแล้ว,https://api.prod.pi.financial/cms/assets/4318de12-8eec-4215-8a25-8bf4992df916,Tanadech Rungsrithananon,2025-01-23,KTB,HOLD,24.5,22.7,23.4,23.5,23.8,
23/01/2025 KKP (HOLD : Fair Price : Bt 57.00) : การฟื้นตัวของผลการดำเนินงานยังจำกัด,https://api.prod.pi.financial/cms/assets/f2471354-003f-4e15-b0a8-ea029cd21a87,Tanadech Rungsrithananon,2025-01-23,KKP,HOLD,57.0,53.0,53.75,53.75,53.75,
22/01/2025 SCB (HOLD : Fair Price : Bt 129.00) :   เงินปันผลสูง แม้การเติบโตปี 2025 โตน้อย,https://api.prod.pi.financial/cms/assets/c4c7469b-e5ab-4cf7-98d9-0c927c000598,Tanadech Rungsrithananon,2025-01-22,SCB,HOLD,129.0,124.5,126.0,127.0,127.5,
22/01/2025 TTB (BUY : Fair Price : Bt 2.12) : Valuation ไม่แพง และเงินปันผลสูง,https://api.prod.pi.financial/cms/assets/1d3ae034-dcc5-4f15-a3c2-855edf56e3c4,Tanadech Rungsrithananon,2025-01-22,TTB,BUY,2.12,1.9,1.97,1.98,1.98,
22/01/2025 CBG (BUY : Fair Price : Bt 94.00) : คาดกำไร 4Q24 ทำจุดสูงสุดในรอบ 14 ไตรมาส,https://api.prod.pi.financial/cms/assets/e80b97be-49a4-4b60-aebf-73385daa7da7,Thanawich Boonchuwong,2025-01-22,CBG,BUY,94.0,79.0,79.5,79.5,79.5,
22/01/2025 BBL (BUY : Fair Price : Bt 172.00) : งบดุลแข็งแกร่ง และ Valuation ไม่แพง,https://api.prod.pi.financial/cms/assets/00a8136d-edd6-4c8f-b7dd-af19182f4b9c,Tanadech Rungsrithananon,2025-01-22,BBL,BUY,172.0,156.5,156.0,156.0,156.0,
21/01/2025 STANLY (HOLD : Fair Price : Bt 207.00) : FY3Q25 ยังอยู่ในช่วงปรับปรุง,https://api.prod.pi.financial/cms/assets/f60f6b89-c908-479b-a1d6-d6961f70a1ad,Dome Kunprayoonsawad,2025-01-21,STANLY,HOLD,207.0,218.0,219.0,219.0,219.0,
20/01/2025 PTTGC (HOLD : Fair Price : Bt 23.00) : 4Q24 ส่วนต่างปิโตรเคมีปรับตัวลง กดดันผลประกอบการ,https://api.prod.pi.financial/cms/assets/ef8063ea-fba3-40ef-81da-41fded9e488d,Aomsub Ngowsiri,2025-01-20,PTTGC,HOLD,23.0,21.1,22.4,22.4,22.4,
20/01/2025 KTC (SELL : Fair Price : Bt 45.00) : ความสามารถทำกำไรลด และ Valuation สูง,https://api.prod.pi.financial/cms/assets/7a500b57-85fa-44ea-a58c-00195ba94bd3,Tanadech Rungsrithananon,2025-01-20,KTC,SELL,45.0,50.75,51.75,51.75,51.75,
16/01/2025 TOP (HOLD : Fair Price : Bt 29.00) : 4Q24 พลิกกลับมากำไรตามค่าการกลั่น,https://api.prod.pi.financial/cms/assets/523a8702-419a-4868-a6c1-06808d9b12c9,Aomsub Ngowsiri,2025-01-16,TOP,HOLD,29.0,27.25,26.75,27.0,27.0,
15/01/2025 ICHI (HOLD : Fair Price : Bt 15.00) : แนวโน้มอ่อนตัวกว่าที่คาด,https://api.prod.pi.financial/cms/assets/4e32eab3-df92-4f45-bf7e-26ba8c15c2db,Thanawich Boonchuwong,2025-01-15,ICHI,HOLD,15.0,13.6,13.5,13.5,13.5,
15/01/2025 DOHOME (HOLD : Fair Price : Bt 9.00) : เป้าปี 2025 ค่อนข้างท้าทาย,https://api.prod.pi.financial/cms/assets/f37ed974-b1e9-4757-a53e-e33bf852706b,Thanawich Boonchuwong,2025-01-15,DOHOME,HOLD,9.0,8.11363284,8.30454185,8.30454185,8.30454185,
15/01/2025 TISCO (HOLD : Fair Price : Bt 100.00) : สำรองหนี้ฯ เพิ่มขึ้นกดดันกำไรปี 2025,https://api.prod.pi.financial/cms/assets/c947310c-7607-4892-b71a-fc125ecb2e3a,Tanadech Rungsrithananon,2025-01-15,TISCO,HOLD,100.0,99.5,99.0,99.5,100.5,
15/01/2025 KSL (BUY : Fair Price : Bt 2.30) : ปี 25 อ้อยเข้าหีบเพิ่ม แต่ราคาขายลด,https://api.prod.pi.financial/cms/assets/3605137b-9a51-42bb-8235-e5cc6e6e224c,Dome Kunprayoonsawad,2025-01-15,KSL,BUY,2.3,1.79,1.8,1.8,1.8,
13/01/2025 AOT (HOLD : Fair Price : Bt 63.00) : เริ่มปีใหม่คาดไตรมาสแรกกำไร 6000 ล้านบาท,https://api.prod.pi.financial/cms/assets/948711a6-dafa-4c7c-8721-3112d3c930eb,Dome Kunprayoonsawad,2025-01-13,AOT,HOLD,63.0,56.5,57.5,58.25,58.25,
09/01/2025 ITC (BUY : Fair Price : Bt 30.00) : 4Q24 รายได้ดี แต่ปี 25 มีหลายสิ่งต้องดู,https://api.prod.pi.financial/cms/assets/d6856973-8dcd-46d7-9dc8-5e308defae15,Dome Kunprayoonsawad,2025-01-09,ITC,BUY,30.0,18.1,17.9,17.9,17.9,
08/01/2025 PTTEP (HOLD : Fair Price : Bt 141.00) : คาดกำไรประจำไตรมาส 4 ชะลอตัวลงตามราคาน้ำมัน,https://api.prod.pi.financial/cms/assets/d6ac70b2-0ace-4e8a-b775-2d72f315dcb0,Aomsub Ngowsiri,2025-01-08,PTTEP,HOLD,141.0,125.5,129.0,130.0,130.0,
07/01/2025 BBL (BUY : Fair Price : Bt 170.00) : กำไรใน 4Q24 ลดลงจากปัจจัยฤดูกาล,https://api.prod.pi.financial/cms/assets/efbef0aa-74e0-4936-ac79-fca4dd84f5f7,Tanadech Rungsrithananon,2025-01-07,BBL,BUY,170.0,154.0,154.5,154.5,156.5,
06/01/2025 HMPRO (BUY : Fair Price : Bt 12.50) : เริ่มมีสัญญาณการฟื้นตัวในเดือน ธ.ค. 2024,https://api.prod.pi.financial/cms/assets/b5acd684-c05c-4c3e-90b4-31a6f87d1922,Thanawich Boonchuwong,2025-01-06,HMPRO,BUY,12.5,9.3,9.7,9.7,9.7,
30/12/2024 PTTEP (BUY : Fair Price : Bt 141.00) : ปรับแผนใหม่ ชะลอการลงทุนในมาเลเซีย,https://api.prod.pi.financial/cms/assets/5b0a00f5-bf07-4413-892e-7cd4efbfd846,Aomsub Ngowsiri,2024-12-30,PTTEP,BUY,141.0,119.0,125.5,129.0,130.0,
30/12/2024 KTB (BUY : Fair Price : Bt 24.00) : คาดกำไรใน 4Q24 โดดเด่น YoY,https://api.prod.pi.financial/cms/assets/eda450a8-3e34-4eee-8d79-b2320384326a,Tanadech Rungsrithananon,2024-12-30,KTB,BUY,24.0,21.0,21.8,22.2,23.0,
25/12/2024 TTB (HOLD : Fair Price : Bt 2.00) : โตชะลอตัวในปี 2025  แต่เงินปันผลสูง,https://api.prod.pi.financial/cms/assets/90d5179c-063a-4bf7-9048-1ffe9ed81823,Tanadech Rungsrithananon,2024-12-25,TTB,HOLD,2.0,1.85,1.86,1.86,1.86,
24/12/2024 GLOBAL (BUY : Fair Price : Bt 16.00) : คาดแนวโน้มกำไรดีขึ้น QoQ ต่อเนื่อง,https://api.prod.pi.financial/cms/assets/e5607ad6-ddec-4ff5-a0a7-db8cbeb0c2f0,Thanawich Boonchuwong,2024-12-24,GLOBAL,BUY,16.0,14.05926053,13.86666792,13.86666792,13.86666792,
23/12/2024 TOP (HOLD : Fair Price : Bt 29.00) :  โครงการ CFP ยังคงเป็นปัจจัยกดดันหลัก,https://api.prod.pi.financial/cms/assets/aa527251-4229-477a-9116-1415079614fa,Aomsub Ngowsiri,2024-12-23,TOP,HOLD,29.0,25.5,28.25,28.25,28.25,
20/12/2024 BDMS (BUY : Fair Price : Bt 28.00) : เครือข่ายแข็งแกร่ง เติบโตมั่นคง,https://api.prod.pi.financial/cms/assets/87e30ef5-8056-47e2-a7fe-b37a725ebdfe,Tanadech Rungsrithananon,2024-12-20,BDMS,BUY,28.0,23.5,24.6,24.6,24.6,Pakjira Manatangsakunkit
19/12/2024 TISCO (HOLD : Fair Price : Bt 100.00) : คาดกำไรใน 4Q24 ยังไม่กลับเป็นขาขึ้น,https://api.prod.pi.financial/cms/assets/72409daa-78ab-47ba-88ef-ae4e2d21bb2c,Tanadech Rungsrithananon,2024-12-19,TISCO,HOLD,100.0,98.25,99.0,99.0,99.25,
16/12/2024 CPAXT (HOLD : Fair Price : Bt 37.00) : ความท้าทายจากการทำโครงการ “The Happitat”,https://api.prod.pi.financial/cms/assets/5de3e8f7-3542-46fa-a931-df487bddbd9e,Thanawich Boonchuwong,2024-12-16,CPAXT,HOLD,37.0,28.25,27.5,28.0,28.0,
13/12/2024 CK (BUY : Fair Price : Bt 27.40) : Backlog สูงไม่เครียดในการหางานใหม่,https://api.prod.pi.financial/cms/assets/97659c0d-50b7-44fd-8006-52d79471a1ae,Dome Kunprayoonsawad,2024-12-13,CK,BUY,27.4,19.6,19.5,19.5,19.5,
02/12/2024 SC (BUY : Fair Price : Bt 3.40) : ยังมอง 4Q24 ดีสุดตามเดิม,https://api.prod.pi.financial/cms/assets/7c37fd4a-3b46-48d7-996c-6748f51ec2b4,Dome Kunprayoonsawad,2024-12-02,SC,BUY,3.4,2.88,2.92,2.92,2.92,
29/11/2024 XO (BUY : Fair Price : Bt 29.00) : รอฟื้นตัวปี 25,https://api.prod.pi.financial/cms/assets/04e995a4-732c-443a-98fd-e2c5c7598b33,Dome Kunprayoonsawad,2024-11-29,XO,BUY,29.0,19.9,20.2,20.2,22.6,
28/11/2024 AH (HOLD : Fair Price : Bt 18.70) : รอฟื้นตัว 3Q25,https://api.prod.pi.financial/cms/assets/fc4699e7-1cb9-424b-a760-2dc7912dfcd2,Dome Kunprayoonsawad,2024-11-28,AH,HOLD,18.7,18.2,18.0,18.0,18.0,
27/11/2024 SAT (BUY : Fair Price : Bt 15.20) : คำสั่งซื้อใหม่มาปลายปี 25,https://api.prod.pi.financial/cms/assets/9579bef9-9373-4448-a013-796740717927,Dome Kunprayoonsawad,2024-11-27,SAT,BUY,15.2,11.0,11.0,11.2,11.2,
26/11/2024 SPALI (BUY : Fair Price : Bt 22.80) : คาดกำไรปี 2025 กลับมาเติบโต,https://api.prod.pi.financial/cms/assets/e36dcede-b21f-495f-abea-98ed57231daf,Tanadech Rungsrithananon,2024-11-26,SPALI,BUY,22.8,18.8,19.3,19.5,19.5,Pakjira Manatangsakunkit
26/11/2024 AMATA (BUY : Fair Price : Bt 34.00) : มองยอดโอนทั้งปีไม่ต่ำกว่า 1000 ไร่,https://api.prod.pi.financial/cms/assets/7f93486e-5689-4764-baff-5f6b90c3bf5b,Dome Kunprayoonsawad,2024-11-26,AMATA,BUY,34.0,29.25,30.0,30.0,30.0,
26/11/2024 ORI (HOLD : Fair Price : Bt 4.30) : กำไรสุทธิ 4Q24 คาดโตจากฐานที่ต่ำ,https://api.prod.pi.financial/cms/assets/cbe2eacc-2760-4551-9d6b-8e6bd87d61b7,Tanadech Rungsrithananon,2024-11-26,ORI,HOLD,4.3,4.18,4.14,4.14,4.14,Pakjira Manatangsakunkit
25/11/2024 AOT (HOLD : Fair Price : Bt 63.00) : ปี 25 ตั้งเป้าแบบอนุรักษ์นิยม,https://api.prod.pi.financial/cms/assets/4e4ff3e3-c20b-4d27-abb4-445084ce4a20,Dome Kunprayoonsawad,2024-11-25,AOT,HOLD,63.0,61.5,61.75,62.0,62.0,
25/11/2024 STECON (BUY : Fair Price : Bt 11.60) : ปี 24 โดนหนองบอนกดดัน,https://api.prod.pi.financial/cms/assets/969a5451-3481-4e32-8f03-4f7ec9fd557e,Dome Kunprayoonsawad,2024-11-25,STECON,BUY,11.6,7.55,8.1,8.8,8.8,
22/11/2024 CBG (BUY : Fair Price : Bt 94.00) : มุ่งหน้าสู่เบอร์ 1 เครื่องดื่มชูกำลังในประเทศ,https://api.prod.pi.financial/cms/assets/5f45d325-d5f3-4105-b46b-2e8041c2d0d2,Thanawich Boonchuwong,2024-11-22,CBG,BUY,94.0,79.5,80.0,81.25,81.25,
22/11/2024 ICHI (BUY : Fair Price : Bt  18.00) : ปันผลสูง และมีโอกาสเติบโตจากสินค้าใหม่,https://api.prod.pi.financial/cms/assets/2cc68afb-c975-41ee-913a-93aef0f52763,Thanawich Boonchuwong,2024-11-22,ICHI,BUY,18.0,14.8,14.8,15.0,15.0,
21/11/2024 MINT (BUY : Fair Price : Bt 36.00) : คาดกำไร 4Q24 อ่อนตัว QoQ ก่อนฟื้นในปี 2025,https://api.prod.pi.financial/cms/assets/76cf3471-0068-41ba-a48e-74fb7890a54d,Tanadech Rungsrithananon,2024-11-21,MINT,BUY,36.0,27.0,27.5,28.0,28.0,Pakjira Manatangsakunkit
21/11/2024 TACC (BUY : Fair Price : Bt 7.58) : 3Q24 กำไรยังดีแม้เป็นฤดูฝน,https://api.prod.pi.financial/cms/assets/cff72b7d-0126-4c36-804b-36ba36d2f6f1,Dome Kunprayoonsawad,2024-11-21,TACC,BUY,7.58,4.7,4.7,4.74,4.78,
21/11/2024 BA (BUY : Fair Price : Bt 28.50) : 3Q24 สมุยยังโดดเด่น,https://api.prod.pi.financial/cms/assets/87150a61-9767-4255-9315-e6b6cbe4d318,Dome Kunprayoonsawad,2024-11-21,BA,BUY,28.5,23.8,24.5,24.5,24.5,
19/11/2024 SAV (BUY : Fair Price : Bt 27.00) : SAV ผู้คุมน่านฟ้ากัมพูชา,https://api.prod.pi.financial/cms/assets/40cd0ce0-4e67-4240-8633-35c79fc673dc,Dome Kunprayoonsawad,2024-11-19,SAV,BUY,27.0,22.9,22.9,22.9,22.9,
19/11/2024 CENTEL (BUY : Fair Price : Bt 48.20) : คาดกำไรปกติกลับมาฟื้นตัวใน 4Q24,https://api.prod.pi.financial/cms/assets/6289b9bc-39db-4754-bdae-91b0a7e5c4ac,Tanadech Rungsrithananon,2024-11-19,CENTEL,BUY,48.2,37.75,38.0,38.0,38.0,Pakjira Manatangsakunkit
18/11/2024 CPN (BUY : Fair Price : Bt 87.00) : 3Q24 กำไรดีกว่าคาดเล็กน้อย,https://api.prod.pi.financial/cms/assets/d6631388-8088-48e5-a43b-b2b32d3c94f9,Dome Kunprayoonsawad,2024-11-18,CPN,BUY,87.0,61.0,62.25,62.25,62.25,
18/11/2024 TVO (BUY : Fair Price : Bt 27.80) : น้ำมันดี หนุนกำไรยังยืนสูงได้,https://api.prod.pi.financial/cms/assets/61b387fb-cd10-4da9-af94-5c7374bf1bc8,Dome Kunprayoonsawad,2024-11-18,TVO,BUY,27.8,23.7,23.6,23.6,23.6,
18/11/2024 CPF (BUY : Fair Price : Bt 30.00) : 3Q24 กำไรดีต่อเนื่อง,https://api.prod.pi.financial/cms/assets/23d3065a-50f1-4d34-9cbb-179bb85525d1,Dome Kunprayoonsawad,2024-11-18,CPF,BUY,30.0,24.3,24.5,24.5,24.5,
18/11/2024 SAWAD (HOLD : Fair Price : Bt 41.00) : สินเชื่อชะลอตัว แต่กำไรยังเติบโตได้ต่อเนื่อง,https://api.prod.pi.financial/cms/assets/4a589338-75a9-4de2-843a-119a86612639,Tanadech Rungsrithananon,2024-11-18,SAWAD,HOLD,41.0,35.22727586,37.04545784,37.27273059,37.27273059,
15/11/2024 BEM (BUY : Fair Price : Bt 11.00) : กำไรงวด 3Q24 ทำสถิติสูงสุดใหม่,https://api.prod.pi.financial/cms/assets/2c2b282c-d493-4be1-8727-8973618a70cd,Thanawich Boonchuwong,2024-11-15,BEM,BUY,11.0,7.7,7.65,7.65,7.65,
15/11/2024 TOP (HOLD : Fair Price : Bt 40.00) : ผลประกอบดีขึ้นในไตรมาสถัดไป แต่รอความชัดเจน CFP,https://api.prod.pi.financial/cms/assets/41a9c009-bb9a-4c7f-b70d-e703c068173d,Aomsub Ngowsiri,2024-11-15,TOP,HOLD,40.0,40.0,41.0,41.0,41.0,
15/11/2024 WHA (HOLD : Fair Price : Bt 6.10) : 3Q24 ต่ำคาดหนักเพราะรายการพิเศษ,https://api.prod.pi.financial/cms/assets/560ab5cb-e533-4bde-a7fd-66482eed4440,Dome Kunprayoonsawad,2024-11-15,WHA,HOLD,6.1,5.6,5.9,5.9,5.9,
15/11/2024 SAPPE (HOLD : Fair Price  : Bt 80.00) : กำไร 3Q24 สะดุดช่วงสั้น,https://api.prod.pi.financial/cms/assets/5ec2f388-7a60-41ba-86cb-2f0790b806fa,Thanawich Boonchuwong,2024-11-15,SAPPE,HOLD,80.0,73.75,79.5,79.5,79.5,
15/11/2024 OSP (HOLD : Fair Price : Bt 22.00) : กำไร 3Q24 ชะลอตัวจากการตั้งสำรอง,https://api.prod.pi.financial/cms/assets/835e127f-b805-419d-aa65-a5fa281d24dc,Thanawich Boonchuwong,2024-11-15,OSP,HOLD,22.0,21.0,21.1,21.6,21.6,
14/11/2024 AP (BUY : Fair Price : Bt 11.10) : กำไร 3Q24 เติบโตดี QoQ,https://api.prod.pi.financial/cms/assets/f93967e8-8b13-48f7-9b50-02ff66f1e3e0,Tanadech Rungsrithananon,2024-11-14,AP,BUY,11.1,8.55,8.75,8.85,9.05,Pakjira Manatangsakunkit
14/11/2024 TIDLOR (BUY : Fair Price : Bt 20.00) :  เข้าสู่โหมดการเร่งตัวของกำไร,https://api.prod.pi.financial/cms/assets/8dc1ab92-77ae-4c1c-bd84-64f1b0f1ac43,Tanadech Rungsrithananon,2024-11-14,TIDLOR,BUY,20.0,17.7,17.9,17.9,17.9,
14/11/2024 AAV (BUY : Fair Price : Bt 3.51) : 3Q24 Low Seasons แต่ยังมีกำไรบางๆ,https://api.prod.pi.financial/cms/assets/c61c14e5-245c-4121-9342-66f2c3b0cdc7,Dome Kunprayoonsawad,2024-11-14,AAV,BUY,3.51,2.84,2.9,2.9,2.9,
14/11/2024 MTC (BUY : Fair Price : Bt 56.00) : เติบโตแข็งแกร่งต่อเนื่องในปี 2025,https://api.prod.pi.financial/cms/assets/9d9cde6f-7b05-4688-a08c-0e207ced5462,Tanadech Rungsrithananon,2024-11-14,MTC,BUY,56.0,48.0,49.0,50.25,50.25,
14/11/2024 CPALL (BUY : Fair Price : Bt 80.00) : SSSG แข็งแกร่งต่อเนื่องหนุนกำไร 3Q24 โต YoY,https://api.prod.pi.financial/cms/assets/0df2685a-9c42-45cf-938a-f71a5835a7c9,Thanawich Boonchuwong,2024-11-14,CPALL,BUY,80.0,64.5,64.0,64.0,64.0,
14/11/2024 CRC (BUY : Fair Price : Bt 40.00) : กำไร 3Q24 โต YoY ดีกว่าคาด,https://api.prod.pi.financial/cms/assets/3ac43875-39ed-4157-960f-65c25d3e0ea6,Thanawich Boonchuwong,2024-11-14,CRC,BUY,40.0,32.75,33.75,35.0,35.0,
13/11/2024 MC (BUY : Fair Price : Bt 13.00) : กำไร FY2Q25 ส่งสัญญาณฟื้นตัว YoY,https://api.prod.pi.financial/cms/assets/94bbc323-6f74-4155-bd1d-7186edfccd1d,Thanawich Boonchuwong,2024-11-13,MC,BUY,13.0,11.0,11.1,11.1,11.1,
13/11/2024 M (BUY : Fair Price : Bt 30.00) : กำไร 3Q24 ถูกกดันจาก SSSG ที่ลดลง,https://api.prod.pi.financial/cms/assets/6b9430fd-4ce1-4a9a-a7ec-4414b28df8d8,Thanawich Boonchuwong,2024-11-13,M,BUY,30.0,26.5,26.0,26.0,26.0,
13/11/2024 BBIK (HOLD : Fair Price : Bt 46.00) : กำไรทำจุดสูงสุดใหม่อีกครั้ง,https://api.prod.pi.financial/cms/assets/dd9bed63-6391-44ab-8784-093f20f4c489,Aomsub Ngowsiri,2024-11-13,BBIK,HOLD,46.0,43.5,43.5,44.5,45.0,
13/11/2024 GFPT (BUY : Fair Price : Bt 17.00) : 3Q24 กำไรปกติดีกว่าคาดเล็กน้อย,https://api.prod.pi.financial/cms/assets/a9a7f70f-302e-488c-904d-86e386e5d0f0,Dome Kunprayoonsawad,2024-11-13,GFPT,BUY,17.0,10.7,11.0,11.0,11.0,
13/11/2024 CBG (BUY : Fair Price : Bt 94.00) : ตั้งเป้าปี 2025 โตจากการเพิ่มส่วนแบ่งการตลาดในประเทศ,https://api.prod.pi.financial/cms/assets/82d2dc08-7bf6-4069-b20a-0cf14e09d2a6,Thanawich Boonchuwong,2024-11-13,CBG,BUY,94.0,80.25,79.75,80.0,80.0,
12/11/2024 TU (BUY : Fair Price : Bt 17.60) : กลยุทธ์ 2030 มุ่งรายได้ 7000ล้านเหรียญฯ,https://api.prod.pi.financial/cms/assets/8854049a-5554-42ba-9ddc-3d3a30af41ba,Dome Kunprayoonsawad,2024-11-12,TU,BUY,17.6,14.2,14.1,14.1,14.1,
12/11/2024 ICHI (HOLD : Fair Price : Bt 18.00) : ควบคุมค่าใช้จ่ายดีหนุนกำไร 3Q24 เติบโต,https://api.prod.pi.financial/cms/assets/5173c9f7-3401-4d22-8a80-1230ebca07ea,Thanawich Boonchuwong,2024-11-12,ICHI,HOLD,18.0,15.8,15.6,15.6,15.6,
12/11/2024 TCAP (BUY : Fair Price : Bt 56.00) : Valuation ไม่แพง และเงินปันผลสูง,https://api.prod.pi.financial/cms/assets/7dfa5eb6-62a6-44bf-bcce-756a04ce4858,Tanadech Rungsrithananon,2024-11-12,TCAP,BUY,56.0,49.5,49.5,50.25,50.25,
11/11/2024 ORI (HOLD : Fair Price : Bt 4.55) : กำไรสุทธิ 3Q24 คาดยังไม่ฟื้น,https://api.prod.pi.financial/cms/assets/387da1ee-5230-4586-b2ce-0f50f1f059da,Tanadech Rungsrithananon,2024-11-11,ORI,HOLD,4.55,4.32,4.26,4.26,4.26,Pakjira Manatangsakunkit
11/11/2024 NER (BUY : Fair Price : Bt 6.60) : 3Q24 ต้นทุนขึ้นกดดันกำไรขั้นต้น,https://api.prod.pi.financial/cms/assets/9dd9684f-9382-454a-b414-de915de6f95f,Dome Kunprayoonsawad,2024-11-11,NER,BUY,6.6,4.92,4.9,4.96,4.96,
11/11/2024 COCOCO (HOLD : Fair Price : Bt 12.30) : กำไร 3Q24 เป็นไปตามคาด,https://api.prod.pi.financial/cms/assets/2357dcf7-9c81-4ebc-a64f-c4f518bd5e6d,Thanawich Boonchuwong,2024-11-11,COCOCO,HOLD,12.3,10.9,11.2,11.6,11.9,
11/11/2024 CBG (BUY : Fair Price : Bt 94.00) : Market share พุ่ง หนุนกำไร 3Q24 โตแกร่ง YoY,https://api.prod.pi.financial/cms/assets/7023f2be-c085-4053-90f0-13c8d5c9a981,Thanawich Boonchuwong,2024-11-11,CBG,BUY,94.0,75.5,80.25,80.25,80.25,
08/11/2024 BJC (HOLD : Fair Price : Bt 24.00) : กำไรสุทธิ 3Q24 ทรงตัว YoY ตามคาด,https://api.prod.pi.financial/cms/assets/aac1b822-9590-4ba7-8408-23a63c0a2ee2,Thanawich Boonchuwong,2024-11-08,BJC,HOLD,24.0,23.7,22.7,23.3,23.6,
08/11/2024 CPAXT (BUY : Fair Price : Bt 37.00) : กำไรปกติ 3Q24 โตเด่น YoY และ QoQ,https://api.prod.pi.financial/cms/assets/fa54a4ac-2b08-4dbb-af12-d6bb7ba22ffe,Thanawich Boonchuwong,2024-11-08,CPAXT,BUY,37.0,35.0,35.0,35.0,35.0,
08/11/2024 TU (BUY : Fair Price : Bt 17.60) : 3Q24 ทูน่ากระป๋องกับอาหารสัตว์ยังดีอยู่,https://api.prod.pi.financial/cms/assets/d0e02018-191d-468d-8365-7dda83d009ff,Dome Kunprayoonsawad,2024-11-08,TU,BUY,17.6,14.7,14.4,14.4,14.4,
08/11/2024 TFM (BUY : Fair Price : Bt 15.10) : 3Q24 กำไรสุทธิ 151 ล้านบาท,https://api.prod.pi.financial/cms/assets/1a1de619-b1eb-4404-a288-b1eb9797840f,Dome Kunprayoonsawad,2024-11-08,TFM,BUY,15.1,4.2,4.225,4.225,4.225,
08/11/2024 STECON (BUY : Fair Price : Bt 11.80) : คาด 3Q24 กำไรสุทธิ 52 ล้านบาท,https://api.prod.pi.financial/cms/assets/4dc90d42-c962-4e74-8d3b-464b21f4a3e7,Dome Kunprayoonsawad,2024-11-08,STECON,BUY,11.8,8.9,8.4,8.4,8.4,
08/11/2024 CK (BUY : Fair Price : Bt 27.30) : 3Q24 ลูกดี ทำให้กำไรแม่ดีตาม,https://api.prod.pi.financial/cms/assets/45d2cda1-49ef-43b2-98d5-e49e9cceeafb,Dome Kunprayoonsawad,2024-11-08,CK,BUY,27.3,18.8,18.2,18.4,18.4,
07/11/2024 AP (BUY : Fair Price : Bt 11.10) : คาดกำไร 3Q24 เติบโตดี QoQ,https://api.prod.pi.financial/cms/assets/a8894ebe-14b6-4812-886b-4b96bd861601,Tanadech Rungsrithananon,2024-11-07,AP,BUY,11.1,9.05,8.95,8.95,8.95,Pakjira Manatangsakunkit
07/11/2024 ITC (BUY : Fair Price : Bt 31.50) : 3Q24 กำไรยังดีโต 52%YoY,https://api.prod.pi.financial/cms/assets/e86566d2-7486-4440-8cad-d27796b1924c,Dome Kunprayoonsawad,2024-11-07,ITC,BUY,31.5,22.1,22.1,22.1,22.1,
06/11/2024 DOHOME (HOLD : Fair Price : Bt 11.40) : ค่าใช้จ่ายพุ่งกดดันกำไร 3Q24,https://api.prod.pi.financial/cms/assets/c136101f-8a39-4af2-9c73-31f9d4a60969,Thanawich Boonchuwong,2024-11-06,DOHOME,HOLD,11.4,9.92726842,9.92726842,9.92726842,9.92726842,
06/11/2024 HMPRO (BUY : Fair Price : Bt 14.00) : Hybrid store คือคำตอบของการเติบโต,https://api.prod.pi.financial/cms/assets/71b9d24a-8ee3-446c-898a-0f6fae456897,Thanawich Boonchuwong,2024-11-06,HMPRO,BUY,14.0,9.8,9.75,9.75,9.9,
05/11/2024 SAT (BUY : Fair Price : Bt 16.60) : ปีนี้คงไม่ฟื้น แต่ปันผลยังดีอยู่,https://api.prod.pi.financial/cms/assets/736af615-65d2-47ff-959b-f6ae4e127f04,Dome Kunprayoonsawad,2024-11-05,SAT,BUY,16.6,11.8,11.6,11.6,11.6,
04/11/2024 CENTEL (BUY : Fair Price : Bt 48.20) : คาดกำไรปกติ 3Q24 อ่อนตัวก่อนฟื้นใน 4Q24,https://api.prod.pi.financial/cms/assets/69622deb-9e4e-4dd2-af64-e99731871ac8,Tanadech Rungsrithananon,2024-11-04,CENTEL,BUY,48.2,35.25,36.5,37.25,38.0,Pakjira Manatangsakunkit
01/11/2024 CPN (BUY : Fair Price : Bt 89.00) : 3Q24 สะดุดบ้างเพราะบ้านและค่าเงิน,https://api.prod.pi.financial/cms/assets/5f573e5a-956c-4e36-9d4b-0a1f2a638701,Dome Kunprayoonsawad,2024-11-01,CPN,BUY,89.0,63.0,64.25,64.25,64.25,
31/10/2024 COCOCO (HOLD : Fair Price : Bt 12.30) : พักตัวระยะสั้น กำไรปกติ 3Q24 ยังทำ All time high,https://api.prod.pi.financial/cms/assets/20f7a9bd-c00b-48ec-93d4-0e61fe7aa5e1,Thanawich Boonchuwong,2024-10-31,COCOCO,HOLD,12.3,11.4,10.9,11.2,11.2,
31/10/2024 MEGA (BUY : Fair Price : Bt 48.00) : คาดกำไรปกติ 3Q24 ดีขึ้น YoY,https://api.prod.pi.financial/cms/assets/c4fd2264-93ab-47b8-9808-24c775989d11,Thanawich Boonchuwong,2024-10-31,MEGA,BUY,48.0,39.5,39.0,39.0,39.0,
31/10/2024 CREDIT (BUY : Fair Price : Bt 27.00) : กำไรกลับมาเติบโตในปี 2025,https://api.prod.pi.financial/cms/assets/a6a86aaf-2bef-4d73-9798-8a154cc70114,Tanadech Rungsrithananon,2024-10-31,CREDIT,BUY,27.0,23.1,22.7,23.2,23.2,
30/10/2024 PTTEP (BUY : Fair Price : Bt 181.00) : กำไรชะลอ รอความชัดเจนโครงการ LLB และ MOZ,https://api.prod.pi.financial/cms/assets/e382c6aa-1be9-4ec0-85ff-ba308fcfe6e8,Aomsub Ngowsiri,2024-10-30,PTTEP,BUY,181.0,124.0,131.0,131.0,131.0,
30/10/2024 GFPT (BUY : Fair Price : Bt 17.00) : 3Q24 คาดกำไรสุทธิยังสูงกว่า 500 ล้านบาท,https://api.prod.pi.financial/cms/assets/62fa0fef-845a-41ea-a9cd-999625b8a2dc,Dome Kunprayoonsawad,2024-10-30,GFPT,BUY,17.0,11.1,11.1,11.1,11.1,
29/10/2024 HMPRO (BUY : Fair Price : Bt 14.00) : กำไรปกติ 3Q24 ลดลงเล็กน้อย YoY,https://api.prod.pi.financial/cms/assets/a3edac81-f6ab-459c-acd8-9fda111c7b0b,Thanawich Boonchuwong,2024-10-29,HMPRO,BUY,14.0,9.65,9.8,9.8,9.8,
29/10/2024 GLOBAL (BUY : Fair Price : Bt 18.50) : กำไร 3Q24 อ่อนตัวลง YoY สู่จุดต่ำสุดของปี,https://api.prod.pi.financial/cms/assets/506f95c1-e391-42c5-90ad-2e3c0e57d712,Thanawich Boonchuwong,2024-10-29,GLOBAL,BUY,18.5,15.21481619,15.69629772,15.69629772,15.69629772,
29/10/2024 STANLY (HOLD : Fair Price : Bt 212.00) : FY2Q25 ถ้าไม่รวมรายการพิเศษกำไรโตแรง,https://api.prod.pi.financial/cms/assets/dca3d64b-3bd0-4641-839d-9b41b8a0669d,Dome Kunprayoonsawad,2024-10-29,STANLY,HOLD,212.0,219.0,218.0,219.0,219.0,
28/10/2024 MINT (BUY : Fair Price : Bt 36.00) : กำไรปกติคาดเติบโต YoY,https://api.prod.pi.financial/cms/assets/a1a0794c-f99f-4e42-b758-5e2b6cedde60,Tanadech Rungsrithananon,2024-10-28,MINT,BUY,36.0,27.0,27.25,27.25,27.25,Pakjira Manatangsakunkit
28/10/2024 AAV (BUY : Fair Price : Bt 3.67) : แม้ 3Q24 จะ Low Seasons แต่งบไม่,https://api.prod.pi.financial/cms/assets/529b5cd9-893b-4068-85c9-5fa07b80cf83,Dome Kunprayoonsawad,2024-10-28,AAV,BUY,3.67,2.9,2.94,2.94,2.94,
28/10/2024 BBL (BUY : Fair Price : Bt 168.00) : งบดุลแข็งแกร่ง และ Valuation ไม่แพง,https://api.prod.pi.financial/cms/assets/e1305db3-a656-4a17-a597-bf9e23c4b4be,Tanadech Rungsrithananon,2024-10-28,BBL,BUY,168.0,150.5,150.5,150.5,151.0,
25/10/2024 AMATA (BUY : Fair Price : Bt 30.30) : ยอดขายทะลุเป้าเดิมแล้ว,https://api.prod.pi.financial/cms/assets/42392949-57f7-4632-bb98-eae10d5b785a,Dome Kunprayoonsawad,2024-10-25,AMATA,BUY,30.3,29.25,29.25,30.0,30.0,
25/10/2024 BJC (HOLD : Fair Price : Bt 24.00) : คาดกำไรสุทธิ 3Q24 ทรงตัว YoY,https://api.prod.pi.financial/cms/assets/247f91e2-7462-49b5-9d3f-bb93c79b65a5,Thanawich Boonchuwong,2024-10-25,BJC,HOLD,24.0,23.8,24.1,24.1,24.1,
24/10/2024 WHA (HOLD : Fair Price : Bt 6.10) : เป้าขายทั้งปีไม่น่าพลาด,https://api.prod.pi.financial/cms/assets/cf3687e2-a8ee-4f2f-805e-8c65ff3d39a8,Dome Kunprayoonsawad,2024-10-24,WHA,HOLD,6.1,5.8,6.1,6.1,6.1,
24/10/2024 KKP (HOLD : Fair Price : Bt 57.00) : กำไรฟื้นตัวหนุนจาก NIM และตลาดทุน,https://api.prod.pi.financial/cms/assets/f7775b8a-7063-4456-a1ce-b5c028cd881f,Tanadech Rungsrithananon,2024-10-24,KKP,HOLD,57.0,54.5,54.5,54.75,54.75,
24/10/2024 ICHI (BUY : Fair Price : Bt 18.00) : คาดกำไร 3Q24 โต YoY และ QoQ,https://api.prod.pi.financial/cms/assets/d4df9dc3-b783-4979-93ac-cb766c71372c,Thanawich Boonchuwong,2024-10-24,ICHI,BUY,18.0,15.6,15.8,16.3,16.6,
22/10/2024 PTTGC (HOLD : Fair Price : Bt 27.50) : 3Q24 ถูกกดดันจากการตั้งด้อยค่าเป็นหลัก,https://api.prod.pi.financial/cms/assets/14a8572a-0943-4a30-99b5-0657765d42a3,Aomsub Ngowsiri,2024-10-22,PTTGC,HOLD,27.5,24.9,25.25,26.75,27.75,
22/10/2024 STANLY (HOLD : Fair Price : Bt 198.00) : คาด FY2Q25 ไม่ดีนัก,https://api.prod.pi.financial/cms/assets/ce5bd7b0-2655-4273-999c-954da60e8221,Dome Kunprayoonsawad,2024-10-22,STANLY,HOLD,198.0,218.0,220.0,220.0,220.0,
22/10/2024 KBANK (BUY : Fair Price : Bt 160.00) : สินเชื่อชะลอตัว และ NIM ลดลงกดดันกำไร,https://api.prod.pi.financial/cms/assets/4006d586-02d9-4860-94aa-6a019b5aeab6,Tanadech Rungsrithananon,2024-10-22,KBANK,BUY,160.0,147.0,149.0,149.0,149.0,
22/10/2024 SCB (HOLD : Fair Price : Bt 123.00) :   โดดเด่นในการจ่ายเงินปันผลสูง,https://api.prod.pi.financial/cms/assets/1088d519-04f7-4205-a1bd-0d6210416ef7,Tanadech Rungsrithananon,2024-10-22,SCB,HOLD,123.0,113.0,115.0,115.0,115.0,
21/10/2024 TTB (HOLD : Fair Price : Bt 2.00) : เงินปันผลสูง แต่การเติบโตไม่เด่น,https://api.prod.pi.financial/cms/assets/c3cdd0bd-8eab-4d8d-9186-b52fc2381e2e,Tanadech Rungsrithananon,2024-10-21,TTB,HOLD,2.0,1.84,1.8,1.81,1.81,
21/10/2024 KTC (HOLD : Fair Price : Bt 45.00) : ปี 2025 กำไรโตดีขึ้น แต่ Valuation สูง,https://api.prod.pi.financial/cms/assets/b9319163-9e51-40d7-b872-3b041ef3727f,Tanadech Rungsrithananon,2024-10-21,KTC,HOLD,45.0,48.5,48.75,48.75,48.75,
21/10/2024 OSP (BUY : Fair Price : Bt 24.50) : คาด 3Q24 ชะลอตัวจากการตั้งสำรอง,https://api.prod.pi.financial/cms/assets/266692b8-ce71-4af4-ba99-06f1e2837a1c,Thanawich Boonchuwong,2024-10-21,OSP,BUY,24.5,21.4,21.1,21.2,21.2,
18/10/2024 SPALI (BUY : Fair Price : Bt 23.10) : คาดกำไร 3Q24 ทำระดับสูงสุดในปี 2024,https://api.prod.pi.financial/cms/assets/7bf3d932-b53d-4b33-a62c-31d04aa34788,Tanadech Rungsrithananon,2024-10-18,SPALI,BUY,23.1,20.5,20.7,20.7,20.7,Pakjira Manatangsakunkit
18/10/2024 BBL (BUY : Fair Price : Bt 174.00) : กำไรใน 3Q24 แกร่งหนุนจากกำไรพอร์ตลงทุน,https://api.prod.pi.financial/cms/assets/324f5f7a-7a78-4e07-b337-afee04100c0b,Tanadech Rungsrithananon,2024-10-18,BBL,BUY,174.0,154.0,153.5,153.5,153.5,
16/10/2024 TISCO (HOLD : Fair Price : Bt 100.00) : เติบโตชะลอตัว แต่เด่นเงินปันผลสูง,https://api.prod.pi.financial/cms/assets/93a037df-08b8-461c-b40e-5eb5743e9e18,Tanadech Rungsrithananon,2024-10-16,TISCO,HOLD,100.0,98.25,97.75,97.75,97.75,
10/10/2024 TOP (BUY : Fair Price : Bt 75.00) : 3Q24 ผลประกอบถูกกระทบจากราคาน้ำมัน,https://api.prod.pi.financial/cms/assets/88318860-cc82-4002-becd-a9f67ef5c030,Aomsub Ngowsiri,2024-10-10,TOP,BUY,75.0,50.0,49.75,49.75,49.75,
09/10/2024 CPF (BUY : Fair Price : Bt 27.50) : 3Q24 ได้รับผลดีจากราคาสุกรที่สูง,https://api.prod.pi.financial/cms/assets/634941f1-338f-4180-b53c-ed44e19eefaf,Dome Kunprayoonsawad,2024-10-09,CPF,BUY,27.5,24.7,25.5,26.0,26.0,
08/10/2024 SAPPE (HOLD : Fair Price : Bt 73.00) : เผชิญความท้าทายจากสภาพอากาศและค่าเงินบาท,https://api.prod.pi.financial/cms/assets/e20596ca-eb30-4d28-8797-0db8cef1f6ae,Thanawich Boonchuwong,2024-10-08,SAPPE,HOLD,73.0,66.5,67.25,67.25,67.75,
08/10/2024 CPAXT (BUY : Fair Price : Bt 36.00) : คาดกำไรปกติ 3Q24 โตเด่น YoY แต่รายการพิเศษกดดันกำไรสุทธิ,https://api.prod.pi.financial/cms/assets/02f33608-925c-46f7-8c55-265f6cf2c765,Thanawich Boonchuwong,2024-10-08,CPAXT,BUY,36.0,31.25,32.5,34.25,34.25,
07/10/2024 AOT (HOLD : Fair Price : Bt 64.00) : FY4Q24 เริ่มได้รับผลกระทบจากการขอคืนพื้นที่,https://api.prod.pi.financial/cms/assets/0821f5f4-2aeb-45a0-9575-d0a9b3df789d,Dome Kunprayoonsawad,2024-10-07,AOT,HOLD,64.0,63.75,64.25,64.25,64.25,
04/10/2024 PTTEP (BUY : Fair Price : Bt 181.00) : กำไรชะลอตัวลงตามราคาน้ำมันในไตรมาส 3,https://api.prod.pi.financial/cms/assets/d49453b9-2502-437e-85dd-ab3145308052,Aomsub Ngowsiri,2024-10-04,PTTEP,BUY,181.0,136.5,136.0,136.0,136.0,
04/10/2024 TU (BUY : Fair Price : Bt 18.30) : 3Q24 ทูน่ากระป๋องกับอาหารสัตว์ยังดีอยู่,https://api.prod.pi.financial/cms/assets/9e75db7e-5de8-43f6-a82a-7d97c62058f4,Dome Kunprayoonsawad,2024-10-04,TU,BUY,18.3,14.8,14.9,15.1,15.2,
02/10/2024 ITC (BUY : Fair Price : Bt 32.90) : 3Q24 คาดกำไรโต 56%YoY,https://api.prod.pi.financial/cms/assets/03745b20-1a79-417d-a514-c067f9ac14c8,Dome Kunprayoonsawad,2024-10-02,ITC,BUY,32.9,23.3,24.5,25.25,25.25,
01/10/2024 CBG (HOLD : Fair Price : Bt 82.00) : คาดกำไร 3Q24 โตแกร่ง แต่ปี 2025 มีปัจจัยที่ต้องติดตาม,https://api.prod.pi.financial/cms/assets/b13e34fc-6cf2-446f-84df-94cba9cb463d,Thanawich Boonchuwong,2024-10-01,CBG,HOLD,82.0,79.75,81.25,81.25,81.25,
27/09/2024 KTB (BUY : Fair Price : Bt 24.00) : คาดกำไรใน 3Q24 โต YoY แต่ลดลง QoQ,https://api.prod.pi.financial/cms/assets/a6314085-60eb-418d-a2a0-fc406a914fb1,Tanadech Rungsrithananon,2024-09-27,KTB,BUY,24.0,20.6,21.1,21.6,21.7,
25/09/2024 KBANK (BUY : Fair Price : Bt 178.00) : สำรองหนี้ฯ ที่ลดลงชดเชยการ่อนตัวของ NIM,https://api.prod.pi.financial/cms/assets/754fd0ae-f973-4231-840a-390b2068ce29,Tanadech Rungsrithananon,2024-09-25,KBANK,BUY,178.0,156.0,154.0,154.0,154.0,
23/09/2024 TTB (HOLD : Fair Price : Bt 2.10) : การเติบโตชะลอตัว และผลตอบแทนจำกัด,https://api.prod.pi.financial/cms/assets/f4c42ace-ce2a-4339-a7ad-28050d98591a,Tanadech Rungsrithananon,2024-09-23,TTB,HOLD,2.1,1.95,1.97,1.97,1.97,
17/09/2024 PTTGC (HOLD : Fair Price : Bt 29.50) : Downside จำกัด รอปัจจัยหนุนเพิ่มเติม,https://api.prod.pi.financial/cms/assets/2f7c8c46-67d0-474a-86dd-5073b4cff7db,Aomsub Ngowsiri,2024-09-17,PTTGC,HOLD,29.5,28.0,31.75,31.75,31.75,
13/09/2024 MINT (BUY : Fair Price : Bt 36.00) : ธุรกิจฟื้นตัวแข็งแกร่ง ด้วยราคาที่น่าดึงดูด,https://api.prod.pi.financial/cms/assets/14b6992c-9374-416f-8d98-249197ab1265,Tanadech Rungsrithananon,2024-09-13,MINT,BUY,36.0,28.0,29.0,29.0,29.25,Pakjira Manatangsakunkit
12/09/2024 WHA (BUY : Fair Price : Bt 6.10) : มองครึ่งหลังดีกว่าครึ่งปีแรก,https://api.prod.pi.financial/cms/assets/2e7834fe-c778-4625-8fa3-68fa543cb360,Dome Kunprayoonsawad,2024-09-12,WHA,BUY,6.1,5.55,5.6,5.6,5.6,
12/09/2024 KSL (BUY : Fair Price : Bt 2.84) : ภาพรวมยังไม่สดใสนัก,https://api.prod.pi.financial/cms/assets/9b332e70-e08c-4abb-9028-5df2ffac34be,Dome Kunprayoonsawad,2024-09-12,KSL,BUY,2.84,2.1,2.28,2.32,2.32,
12/09/2024 TISCO (HOLD : Fair Price : Bt 100.00) : คาดผลการดำเนินงานใน 3Q24 ไม่โดดเด่น,https://api.prod.pi.financial/cms/assets/b7cfe183-383f-4cc0-a3ca-d9a0bbdda847,Tanadech Rungsrithananon,2024-09-12,TISCO,HOLD,100.0,96.5,97.5,97.5,97.5,
30/08/2024 CREDIT (BUY : Fair Price : Bt 21.00) : ผู้นำสินเชื่อธุรกิจไมโครเอสเอ็มอี,https://api.prod.pi.financial/cms/assets/e001e233-c0e6-4768-a70d-120a29faa59c,Tanadech Rungsrithananon,2024-08-30,CREDIT,BUY,21.0,17.0,18.299999,20.5,20.5,
29/08/2024 M (BUY : Fair Price : Bt 39.00) : ทดลองทำบุฟเฟ่ต์ ได้ผลตอบรับดี,https://api.prod.pi.financial/cms/assets/53f0a989-0a6e-4fcf-85a2-a8fdc386dfec,Thanawich Boonchuwong,2024-08-29,M,BUY,39.0,25.75,28.25,28.75,29.25,
28/08/2024 AH (BUY : Fair Price : Bt 25.60) : ปรับกำไรทั้งปีลง หลัง 2Q24 กำไรทรุด,https://api.prod.pi.financial/cms/assets/ae5a314a-157e-49d7-bab5-3ecea1ea3ade,Dome Kunprayoonsawad,2024-08-28,AH,BUY,25.6,19.4,19.7,20.1,22.0,
28/08/2024 MC (BUY : Fair Price : Bt 16.00) : คาดกำไรโต YoY พร้อมปันผลสูง,https://api.prod.pi.financial/cms/assets/c7e351de-45ef-4a40-b570-6220dc5cf079,Thanawich Boonchuwong,2024-08-28,MC,BUY,16.0,11.4,11.3,11.8,12.0,
26/08/2024 XO (BUY : Fair Price : Bt 30.00) : ซื้อนีลปันผล 1.7 บาท/หุ้น,https://api.prod.pi.financial/cms/assets/263f202a-6118-4ac4-a76d-358e621b920d,Dome Kunprayoonsawad,2024-08-26,XO,BUY,30.0,26.25,24.9,24.9,24.9,
26/08/2024 OSP (BUY : Fair Price : Bt 27.50) : แนวโน้มอ่อนตัวลง HoH เป็นโอกาสสะสม,https://api.prod.pi.financial/cms/assets/a312bf1f-49cd-42ee-95c9-53c93145d219,Thanawich Boonchuwong,2024-08-26,OSP,BUY,27.5,22.8,22.8,23.6,23.9,
23/08/2024 SC (BUY : Fair Price : Bt 3.34) : 2Q24 เริ่มดีขึ้นจะดีสุด 4Q24,https://api.prod.pi.financial/cms/assets/a205f660-6b16-41c3-8b54-d004b92ad0e2,Dome Kunprayoonsawad,2024-08-23,SC,BUY,3.34,2.78,2.78,2.96,2.98,
21/08/2024 BA (BUY : Fair Price : Bt 28.50) : 2Q24 ยังมีกำไรแม้ Low Season,https://api.prod.pi.financial/cms/assets/d486aa2c-545b-4171-858d-01a655e3639f,Dome Kunprayoonsawad,2024-08-21,BA,BUY,28.5,21.2,22.6,22.6,23.3,
21/08/2024 CENTEL (BUY : Fair Price : Bt 48.20) : กำไรปกติ 2Q24 โต YoY สูงกว่าที่ตลาดคาด,https://api.prod.pi.financial/cms/assets/571685aa-04a7-438d-a31f-ddd9003931d0,Tanadech Rungsrithananon,2024-08-21,CENTEL,BUY,48.2,33.5,36.0,36.0,38.5,Pakjira Manatangsakunkit
20/08/2024 SAPPE (BUY : Fair Price : Bt 90.00) : ชะลอตัวระยะสั้น ระยะกลางยังสดใส,https://api.prod.pi.financial/cms/assets/59484402-cebf-4a77-89c5-9ce0eef65dc1,Thanawich Boonchuwong,2024-08-20,SAPPE,BUY,90.0,74.0,75.5,75.5,75.5,
20/08/2024 SPALI (BUY : Fair Price : Bt 20.20) : กำไร 2Q24 โต ปันผล 1H24 น่าดึงดูดที่ 3.6%,https://api.prod.pi.financial/cms/assets/8668a571-ccc3-427e-8f04-250cd3657187,Tanadech Rungsrithananon,2024-08-20,SPALI,BUY,20.2,16.9,17.8,17.8,18.4,Pakjira Manatangsakunkit
19/08/2024 ORI (HOLD : Fair Price : Bt 4.55) : กำไรสุทธิ 2Q24 อ่อนแอตามคาด,https://api.prod.pi.financial/cms/assets/a8fafefd-fe00-4296-8357-f9e9a37d80ff,Tanadech Rungsrithananon,2024-08-19,ORI,HOLD,4.55,4.36,4.5,4.5,5.55,Pakjira Manatangsakunkit
19/08/2024 WHA (BUY : Fair Price : Bt 6.10) : ปรับเป้ายอดขายในประเทศขึ้นทะลุ 2000 ไร่,https://api.prod.pi.financial/cms/assets/5d17a1a7-b149-438c-b29a-b19bff76efac,Dome Kunprayoonsawad,2024-08-19,WHA,BUY,6.1,5.1,5.2,5.45,5.55,
19/08/2024 KTC (HOLD : Fair Price : Bt 42.00) :  เศรษฐกิจฟื้นตัวเปราะบางกดดันการเติบโต,https://api.prod.pi.financial/cms/assets/c59d929a-192a-4c40-a0bf-9af71d81114b,Tanadech Rungsrithananon,2024-08-19,KTC,HOLD,42.0,41.0,42.5,43.25,45.0,
16/08/2024 CPN (BUY : Fair Price : Bt 89.00) : กำไรสุทธิ 2Q24 ที่ 4556 ล้านบาท,https://api.prod.pi.financial/cms/assets/555eea67-b90b-4293-8dd6-5e2a2bdd32de,Dome Kunprayoonsawad,2024-08-16,CPN,BUY,89.0,57.5,58.5,59.75,66.5,
16/08/2024 AOT (BUY : Fair Price : Bt 64.00) : FY3Q24 กำไรสุทธิ 4563 ล้านบาท,https://api.prod.pi.financial/cms/assets/e0d9d518-7000-4578-a021-e9ea5b88b73e,Dome Kunprayoonsawad,2024-08-16,AOT,BUY,64.0,56.5,59.75,60.75,63.25,
16/08/2024 TCAP (HOLD : Fair Price : Bt 51.00) :  เติบโตชะลอตัว แต่เงินปันผลสูงเป็นจุดเด่น,https://api.prod.pi.financial/cms/assets/a4daaaf7-0871-4d37-ae8a-73dc1b81b3c3,Tanadech Rungsrithananon,2024-08-16,TCAP,HOLD,51.0,48.0,49.75,50.5,52.5,
15/08/2024 CPF (BUY : Fair Price : Bt 27.50) : 2Q24 กำไรดีจากราคาสุกร,https://api.prod.pi.financial/cms/assets/3c96221a-46e7-4d43-98a6-0c5dc508308e,Dome Kunprayoonsawad,2024-08-15,CPF,BUY,27.5,24.7,24.7,25.0,25.0,
15/08/2024 NER (BUY : Fair Price : Bt 6.50) : 2Q24 ราคาขายดีชดเชยปริมาณที่ลด,https://api.prod.pi.financial/cms/assets/c8a07884-a093-4c3c-b668-2fde3e0eafdf,Dome Kunprayoonsawad,2024-08-15,NER,BUY,6.5,4.86,5.0,5.0,5.0,
15/08/2024 SAT (BUY : Fair Price : Bt 16.90) : 2Q24 กำไรตามคาด,https://api.prod.pi.financial/cms/assets/4f98d5d0-74f2-4432-b305-e2904c44dbc8,Dome Kunprayoonsawad,2024-08-15,SAT,BUY,16.9,11.1,11.9,12.4,12.4,
15/08/2024 AAV (BUY : Fair Price : Bt 2.82) : เตรียมเปิดเส้นทางต่างประเทศเพิ่ม,https://api.prod.pi.financial/cms/assets/932d38c4-a100-4c8e-b94a-3997246246de,Dome Kunprayoonsawad,2024-08-15,AAV,BUY,2.82,2.14,2.28,2.38,2.48,
15/08/2024 AP (BUY : Fair Price : Bt 14.25) : กำไรสุทธิ 2Q24 ฟื้นตามคาด,https://api.prod.pi.financial/cms/assets/dadf1bf1-6858-4fee-994b-abff16761783,Tanadech Rungsrithananon,2024-08-15,AP,BUY,14.25,7.65,8.2,8.5,8.85,Pakjira Manatangsakunkit
15/08/2024 CRC (BUY : Fair Price : Bt 40.00) : กำไร 2Q24 ไม่ค่อยสดใส,https://api.prod.pi.financial/cms/assets/fc459353-37c9-40a5-b540-8a2676c24854,Thanawich Boonchuwong,2024-08-15,CRC,BUY,40.0,25.0,28.25,29.25,31.0,
15/08/2024 OSP (BUY : Fair Price : Bt 27.50) : กำไรปกติ 2Q24 ทำสถิติสูงสุดใหม่,https://api.prod.pi.financial/cms/assets/55ed35a2-028a-4137-a508-af653c4cfc35,Thanawich Boonchuwong,2024-08-15,OSP,BUY,27.5,22.5,22.8,23.0,23.0,
14/08/2024 TOP (BUY : Fair Price : Bt 75.00) : ฤดูกาลท่องเที่ยวสหรัฐ หนุนกำไรไตรมาส 3,https://api.prod.pi.financial/cms/assets/8ecb2c5c-f312-4863-ae97-a6ea906883fe,Aomsub Ngowsiri,2024-08-14,TOP,BUY,75.0,51.25,53.25,53.75,54.25,
14/08/2024 BEM (BUY : Fair Price : Bt 10.00) : อัตราค่าโดยสาร MRT ที่เพิ่มขึ้นหนุนกำไร 2H24 สดใสต่อเนื่อง,https://api.prod.pi.financial/cms/assets/23657c63-846a-4131-90fc-31f924aa109e,Thanawich Boonchuwong,2024-08-14,BEM,BUY,10.0,7.8,7.95,7.95,7.95,
14/08/2024 M (BUY : Fair Price : Bt 39.00) : กำไร 2Q24 ดีขึ้น QoQ ดีกว่าคาด,https://api.prod.pi.financial/cms/assets/9981c25d-82ce-470d-9a85-43c40151626a,Thanawich Boonchuwong,2024-08-14,M,BUY,39.0,26.0,27.25,27.5,27.5,
14/08/2024 AMATA (BUY : Fair Price : Bt 30.30) : กำไร 2Q24 ต่ำคาดเพราะภาษี,https://api.prod.pi.financial/cms/assets/b1367044-b497-4d28-963f-ffc806a53d78,Dome Kunprayoonsawad,2024-08-14,AMATA,BUY,30.3,21.6,21.6,21.8,22.1,
14/08/2024 TVO (BUY : Fair Price : Bt 25.30) : 2Q24 กำไรดี กลับมาจ่ายปันผลในอัตราสูง,https://api.prod.pi.financial/cms/assets/3f98d354-c8ae-4e6e-a895-9c4d95eb788f,Dome Kunprayoonsawad,2024-08-14,TVO,BUY,25.3,21.7,22.6,22.6,22.9,
14/08/2024 GFPT (BUY : Fair Price : Bt 18.20) : 2Q24 กำไรทะลุ 500 ล้านบาท,https://api.prod.pi.financial/cms/assets/4a6a8894-5212-4cac-ba54-7cc693d19722,Dome Kunprayoonsawad,2024-08-14,GFPT,BUY,18.2,12.8,13.0,13.0,13.0,
14/08/2024 BJC (BUY : Fair Price : Bt 24.00) : กำไรปกติ 2Q24 ฟื้นตัว YoY และ QoQ,https://api.prod.pi.financial/cms/assets/758a0dbe-3e00-406c-876d-0232d4dac8a8,Thanawich Boonchuwong,2024-08-14,BJC,BUY,24.0,20.1,20.8,22.8,22.9,
14/08/2024 CPALL (BUY : Fair Price : Bt 79.00) : SSSG แข็งแกร่งต่อเนื่องหนุนกำไร 2Q24 โต YoY,https://api.prod.pi.financial/cms/assets/a86d9bb7-4caa-4f9f-8e61-5fd79af20c74,Thanawich Boonchuwong,2024-08-14,CPALL,BUY,79.0,55.25,59.25,60.25,60.75,
13/08/2024 SAPPE (BUY : Fair Price : Bt 111.00) : กำไร 2Q24 ทำสถิติสูงสุดใหม่ตามคาด,https://api.prod.pi.financial/cms/assets/78181cfd-b9b6-4b96-bae8-45c7a6429d5b,Thanawich Boonchuwong,2024-08-13,SAPPE,BUY,111.0,96.0,98.0,98.0,98.0,
13/08/2024 TIDLOR (HOLD : Fair Price : Bt 15.30) : คุณภาพสินเชื่ออ่อนแอฉุดการฟื้นตัวของกำไร,https://api.prod.pi.financial/cms/assets/45d6587b-3c52-49e3-b700-ee30281f702b,Tanadech Rungsrithananon,2024-08-13,TIDLOR,HOLD,15.3,13.6,14.3,16.7,16.7,
13/08/2024 MTC (BUY : Fair Price : Bt 48.00) : รักษาสมดุลการเติบโตและคุณภาพสินเชื่อ,https://api.prod.pi.financial/cms/assets/51b6cedf-d7d8-488a-bb94-bb8a5f38b4b9,Tanadech Rungsrithananon,2024-08-13,MTC,BUY,48.0,40.5,44.75,45.5,45.5,
13/08/2024 ILM (BUY : Fair Price : Bt 19.50) : กำไร 2Q24 ไม่น่าตื่นเต้น,https://api.prod.pi.financial/cms/assets/5a40c788-d3cb-4b26-85a0-02ef09931478,Thanawich Boonchuwong,2024-08-13,ILM,BUY,19.5,16.0,16.9,17.4,17.4,
13/08/2024 CBG (BUY : Fair Price : Bt 75.00) : กำไร 2Q24 ทำระดับสูงสุดในรอบ 8 ไตรมาส,https://api.prod.pi.financial/cms/assets/d9f0ff48-4b6d-41b6-9469-ea054ceec0f1,Thanawich Boonchuwong,2024-08-13,CBG,BUY,75.0,62.75,69.0,69.0,69.5,
09/08/2024 BBIK (BUY : Fair Price : Bt 48.50) : Backlog ทำจุดสูงสุดใหม่ หนุนการเติบโตระยะถัดไป,https://api.prod.pi.financial/cms/assets/6f5a27de-2ab9-4e31-b4f3-3c98cd1e2caa,Aomsub Ngowsiri,2024-08-09,BBIK,BUY,48.5,31.75,35.25,37.25,38.25,
09/08/2024 COCOCO (BUY : Fair Price : Bt 15.30) : กำไร 2Q24 ทำจุดสูงสุดใหม่พร้อมส่วนแบ่งตลาดที่เพิ่มขึ้น,https://api.prod.pi.financial/cms/assets/6bea5810-d71a-4347-b9ac-63228f7aa6b9,Thanawich Boonchuwong,2024-08-09,COCOCO,BUY,15.3,12.0,12.4,12.4,12.4,
09/08/2024 TACC (BUY : Fair Price : Bt 7.00) : 2Q24 กำไรสูงเป็นสถิติใหม่,https://api.prod.pi.financial/cms/assets/5f47f2a4-7606-414e-8cf1-c808daac1ed8,Dome Kunprayoonsawad,2024-08-09,TACC,BUY,7.0,4.82,4.94,5.0,5.0,
09/08/2024 TU (BUY : Fair Price : Bt 18.30) : 2Q24 กำไรดีเกินคาด,https://api.prod.pi.financial/cms/assets/433daf9b-eb95-4d1b-bd5a-d478ae3f442a,Dome Kunprayoonsawad,2024-08-09,TU,BUY,18.3,15.0,15.5,15.5,15.7,
09/08/2024 TFM (BUY : Fair Price : Bt 14.20) : 2Q24 ดีมาก แต่ 3Q24 ดีกว่า,https://api.prod.pi.financial/cms/assets/a6bef8a8-4c73-4eec-95ed-c74bc55bb2d9,Dome Kunprayoonsawad,2024-08-09,TFM,BUY,14.2,4.3,4.25,4.45,4.45,
09/08/2024 ORI (HOLD : Fair Price : Bt 4.55) : คาดกำไรสุทธิ 2Q24 อ่อนแอ,https://api.prod.pi.financial/cms/assets/b5e32e0c-4601-4a42-9560-0b268006f292,Tanadech Rungsrithananon,2024-08-09,ORI,HOLD,4.55,4.18,4.36,4.5,4.5,Pakjira Manatangsakunkit
09/08/2024 CPAXT (BUY : Fair Price : Bt 36.00) : กำไร 2Q24 โต YoY ตามที่เราและตลาดคาด,https://api.prod.pi.financial/cms/assets/fced3ca8-76f7-4394-bb9a-64a902d041e4,Thanawich Boonchuwong,2024-08-09,CPAXT,BUY,36.0,29.5,29.25,32.0,32.0,
09/08/2024 ICHI (BUY : Fair Price : Bt 18.00) : คาดกำไรอ่อนตัวลง HoH แต่มีปันผลสูง 7%,https://api.prod.pi.financial/cms/assets/af8ec670-f247-4ba7-a368-e41bf691573b,Thanawich Boonchuwong,2024-08-09,ICHI,BUY,18.0,14.8,14.6,14.8,15.6,
08/08/2024 STEC (BUY : Fair Price : Bt 11.70) : 2Q24 ค่าใช้จ่ายเพิ่มมาอีกแล้ว,https://api.prod.pi.financial/cms/assets/f5e1c7c8-4e14-4b7d-9a16-54b05c80213b,Dome Kunprayoonsawad,2024-08-08,STEC,BUY,11.7,-1.0,-2.0,-3.0,-4.0,
08/08/2024 ITC (BUY : Fair Price : Bt 29.30) : 2Q24 กำไรสุทธิทะลุ 1000 ล้านบาท,https://api.prod.pi.financial/cms/assets/8d0ec73e-ab6c-43a6-9c10-62aa3d5d6801,Dome Kunprayoonsawad,2024-08-08,ITC,BUY,29.3,21.7,22.7,22.7,22.7,
07/08/2024 DOHOME (HOLD : Fair Price : Bt 10.40) : กำไร 2Q24 ต่ำกว่าคาดจากค่าใช้จ่ายที่สูงกว่าคาด,https://api.prod.pi.financial/cms/assets/89f1b9a3-3d6e-4eb2-88d3-9801d3044cd3,Thanawich Boonchuwong,2024-08-07,DOHOME,HOLD,10.4,9.6409049,9.73635941,10.40454094,11.16817697,
07/08/2024 HMPRO (BUY : Fair Price : Bt 13.00) : เน้นการขยาย Hybrid store,https://api.prod.pi.financial/cms/assets/bc96d053-0a5a-4b26-83f7-ebbd5b5f622b,Thanawich Boonchuwong,2024-08-07,HMPRO,BUY,13.0,8.1,8.15,8.5,9.75,
06/08/2024 GFPT (BUY : Fair Price : Bt 14.60) : คาด 2Q24 กำไรสูงสุดในรอบเกือบ 2 ปี,https://api.prod.pi.financial/cms/assets/6607f43e-baea-496a-8ea8-753d12621b9b,Dome Kunprayoonsawad,2024-08-06,GFPT,BUY,14.6,13.0,12.9,13.0,13.0,
05/08/2024 GLOBAL (HOLD : Fair Price : Bt 15.30) : SSSG ยังมีแนวโน้มอ่อนตัวลง,https://api.prod.pi.financial/cms/assets/1ba9b4c4-7962-4f49-a7b5-79cf6be6950c,Thanawich Boonchuwong,2024-08-05,GLOBAL,HOLD,15.3,13.77037162,13.4814827,13.77037162,14.73333467,
05/08/2024 KTB (BUY : Fair Price : Bt 20.00) : งบดุลแข็งแกร่ง เติบโตอย่างมีคุณภาพ,https://api.prod.pi.financial/cms/assets/615fc676-b960-4613-a203-6ee378f8c9b2,Tanadech Rungsrithananon,2024-08-05,KTB,BUY,20.0,17.1,18.0,18.4,18.8,
02/08/2024 STANLY (HOLD : Fair Price : Bt 198.00) : FY1Q25 ถ้าดูกำไรปกติจะเติบโต,https://api.prod.pi.financial/cms/assets/252943f3-67f9-474a-9b6f-9ead08688d89,Dome Kunprayoonsawad,2024-08-02,STANLY,HOLD,198.0,209.0,206.0,207.0,210.0,
02/08/2024 SAT (BUY : Fair Price : Bt 16.90) : 2Q24 คาดกำไรลด 37%YoY,https://api.prod.pi.financial/cms/assets/b1700d3b-1b8b-4fd2-a57e-f2661cd8ebfd,Dome Kunprayoonsawad,2024-08-02,SAT,BUY,16.9,11.8,11.8,11.8,12.3,
01/08/2024 PTTEP (BUY : Fair Price : Bt 181.00) : กำไรเกินคาด แต่ Outlook ชะลอตัว,https://api.prod.pi.financial/cms/assets/4d36c913-1396-4fc6-a51f-f5c7a36f4741,Aomsub Ngowsiri,2024-08-01,PTTEP,BUY,181.0,151.0,149.5,149.5,149.5,
01/08/2024 CPN (BUY : Fair Price : Bt 89.00) : คาดกำไร 2Q24 ที่ 4238 ล้านบาท,https://api.prod.pi.financial/cms/assets/5ed5ed44-a168-4259-a6fe-1748014aded9,Dome Kunprayoonsawad,2024-08-01,CPN,BUY,89.0,55.75,55.75,57.5,58.5,
01/08/2024 MEGA (BUY : Fair Price : Bt 48.00) : คาดกำไรปกติ 2Q24 ดีขึ้น QoQ,https://api.prod.pi.financial/cms/assets/0a364db6-c78b-46f9-9b8d-109e427b1d91,Thanawich Boonchuwong,2024-08-01,MEGA,BUY,48.0,36.75,37.5,38.75,39.25,
31/07/2024 SPALI (HOLD : Fair Price : Bt 20.20) : คาดกำไร 2Q24 โต และทำจุดสูงสุดใน 3Q24,https://api.prod.pi.financial/cms/assets/a9f1329c-3dd9-4020-b78d-cdebb63f7206,Tanadech Rungsrithananon,2024-07-31,SPALI,HOLD,20.2,16.9,16.9,16.9,17.3,Pakjira Manatangsakunkit
31/07/2024 AMATA (BUY : Fair Price : Bt 30.30) : ปิดครึ่งปีขายได้ 1003 ไร่,https://api.prod.pi.financial/cms/assets/f7b465dd-362b-4cc9-83fe-3a6881b0d32e,Dome Kunprayoonsawad,2024-07-31,AMATA,BUY,30.3,23.6,23.8,23.8,23.8,
30/07/2024 HMPRO (BUY : Fair Price : Bt 13.90) : กำไร 2Q24 ทรงตัว YoY ตามคาด,https://api.prod.pi.financial/cms/assets/365204da-310c-4e34-8352-caf5df3d0639,Thanawich Boonchuwong,2024-07-30,HMPRO,BUY,13.9,8.85,9.1,9.1,9.1,
30/07/2024 BBL (BUY : Fair Price : Bt 171.00) : งบดุลแข็งแกร่งรับความไม่แน่นอน,https://api.prod.pi.financial/cms/assets/2c46137d-19c6-4a07-87ae-5946ee7613d6,Tanadech Rungsrithananon,2024-07-30,BBL,BUY,171.0,136.0,137.0,137.0,137.0,
26/07/2024 CK (BUY : Fair Price : Bt 27.40) : Backlog ทะลุ 2 แสนล้านหลังได้สีส้ม,https://api.prod.pi.financial/cms/assets/3003a059-d925-425d-afcd-1b2d3130c7c7,Dome Kunprayoonsawad,2024-07-26,CK,BUY,27.4,19.5,19.4,19.4,19.4,
26/07/2024 AP (BUY : Fair Price : Bt 14.25) : ยอดขายคอนโดโต หนุนกำไรฟื้น 2Q24,https://api.prod.pi.financial/cms/assets/2decbbdf-2e5d-4fa4-a872-3d7af64f7820,Tanadech Rungsrithananon,2024-07-26,AP,BUY,14.25,8.2,8.2,8.2,8.2,Pakjira Manatangsakunkit
26/07/2024 WHA (BUY : Fair Price : Bt 6.10) : ผู้นำในอุตสาหกรรมที่มีความต้องการสูง,https://api.prod.pi.financial/cms/assets/55d5ed61-3e68-4e67-a218-04e9b84108f7,Dome Kunprayoonsawad,2024-07-26,WHA,BUY,6.1,5.15,5.25,5.25,5.25,
25/07/2024 BJC (HOLD : Fair Price : Bt 22.50) : คาดกำไรปกติ 2Q24 ฟื้นตัว YoY และ QoQ,https://api.prod.pi.financial/cms/assets/db6ac455-5f8a-4777-85ee-5bde9526de35,Thanawich Boonchuwong,2024-07-25,BJC,HOLD,22.5,20.5,20.9,20.9,20.9,
25/07/2024 GLOBAL (BUY : Fair Price : Bt 19.00) : กำไร 2Q24 ทำจุดสูงสุดในรอบ 5 ไตรมาส ตามคาด,https://api.prod.pi.financial/cms/assets/deb9becf-c171-4774-8686-4cde02f3a7e9,Thanawich Boonchuwong,2024-07-25,GLOBAL,BUY,19.0,15.11851989,15.3111125,15.3111125,15.3111125,
23/07/2024 OSP (HOLD : Fair Price : Bt 26.00) : คาดกำไร 2Q24 ทำสถิติสูงสุดใหม่,https://api.prod.pi.financial/cms/assets/66dff2dd-9a04-4de5-b10d-1f12f9f215ba,Thanawich Boonchuwong,2024-07-23,OSP,HOLD,26.0,23.9,24.1,24.1,24.1,
23/07/2024 COCOCO (BUY : Fair Price : Bt 15.30) : คาดกำไร 2Q24 ทำสถิติสูงสุดใหม่,https://api.prod.pi.financial/cms/assets/60165ad6-8640-48ef-a9cc-312e1b31bb57,Thanawich Boonchuwong,2024-07-23,COCOCO,BUY,15.3,12.2,12.4,12.4,12.4,
23/07/2024 KBANK (BUY : Fair Price : Bt 152.00) : การจัดการงบดุลแล้วเสร็จตามแผนในปี 2024,https://api.prod.pi.financial/cms/assets/d6ae8d9f-4e9f-4683-882c-834ba67aa6a4,Tanadech Rungsrithananon,2024-07-23,KBANK,BUY,152.0,128.5,132.0,133.0,133.0,
23/07/2024 KKP (SELL : Fair Price : Bt 38.00) : งบดุลที่อ่อนแอกดดันการฟื้นตัว,https://api.prod.pi.financial/cms/assets/4fa3c77f-7ef0-4a17-9892-ddb33745605a,Tanadech Rungsrithananon,2024-07-23,KKP,SELL,38.0,38.25,39.0,39.75,39.75,
23/07/2024 SCB (HOLD : Fair Price : Bt 106.00) :  คุณภาพสินเชื่ออ่อนแอกดดันการเติบโต,https://api.prod.pi.financial/cms/assets/1846ab0c-e91f-43b3-8a80-e8fb533ee55e,Tanadech Rungsrithananon,2024-07-23,SCB,HOLD,106.0,100.5,103.0,103.0,103.0,
23/07/2024 TTB (BUY : Fair Price : Bt 1.95) : เงินปันผลสูง และผลกระทบจาก EA จำกัด,https://api.prod.pi.financial/cms/assets/5c28fa57-1ecb-40b3-94d9-ebce09a7c157,Tanadech Rungsrithananon,2024-07-23,TTB,BUY,1.95,1.73,1.7,1.7,1.72,
23/07/2024 KTB (BUY : Fair Price : Bt 20.00) : กำไรใน 2Q24 ดีตามคาด คุณภาพสินเชื่อทรงตัว,https://api.prod.pi.financial/cms/assets/0528ea0b-910c-478f-b13c-5efcdf487829,Tanadech Rungsrithananon,2024-07-23,KTB,BUY,20.0,17.9,18.1,18.1,18.1,
23/07/2024 BBIK (BUY : Fair Price : Bt 48.50) : จุดต่ำสุดในไตรมาส 2 กำลังจะผ่านไป,https://api.prod.pi.financial/cms/assets/7b2846d1-ad69-4a9c-8e0f-86da60f03722,Aomsub Ngowsiri,2024-07-23,BBIK,BUY,48.5,30.5,31.5,31.5,34.25,
19/07/2024 XO (BUY : Fair Price : Bt 30.00) : คาด 2Q24 กำไรยังโตจากปีก่อนได้,https://api.prod.pi.financial/cms/assets/06fb608e-79da-440f-8f4b-c89722e5b231,Dome Kunprayoonsawad,2024-07-19,XO,BUY,30.0,23.9,23.9,25.0,26.0,
19/07/2024 BBL (BUY : Fair Price : Bt 187.00) : งบดุลอ่อนแอลง แม้กำไรใน 2Q24 เติบโตดี,https://api.prod.pi.financial/cms/assets/b1eee562-a505-4058-9bc7-8e22bb13e08e,Tanadech Rungsrithananon,2024-07-19,BBL,BUY,187.0,132.5,136.0,137.0,137.0,
18/07/2024 STANLY (HOLD : Fair Price : Bt 198.00) : คาด FY1Q25 เป็นจุดต่ำสุดของปี,https://api.prod.pi.financial/cms/assets/97ba77e7-089b-4067-bd1c-b7e996258343,Dome Kunprayoonsawad,2024-07-18,STANLY,HOLD,198.0,200.0,204.0,209.0,209.0,
17/07/2024 ICHI (BUY : Fair Price : Bt 20.00) : คาดอุณหภูมิที่ร้อนขึ้นหนุนกำไร 2Q24 เติบโต YoY,https://api.prod.pi.financial/cms/assets/71a45347-ced5-4943-abfa-07659a95ccce,Thanawich Boonchuwong,2024-07-17,ICHI,BUY,20.0,16.4,16.3,16.3,16.3,
15/07/2024 HMPRO (BUY : Fair Price : Bt 13.90) : คาดกำไร 2Q24 ยังทรงตัว YoY,https://api.prod.pi.financial/cms/assets/9d9a7fd9-91b0-4a38-851b-347d2fa58436,Thanawich Boonchuwong,2024-07-15,HMPRO,BUY,13.9,9.3,9.1,9.1,9.1,
15/07/2024 CRC (BUY : Fair Price : Bt 43.00) : ไทวัสดุคือพระเอก 2H24,https://api.prod.pi.financial/cms/assets/ededd321-c0e1-4288-8c76-43be686f3513,Thanawich Boonchuwong,2024-07-15,CRC,BUY,43.0,32.5,32.5,32.5,32.5,
15/07/2024 TISCO (HOLD : Fair Price : Bt 94.00) : งบดุลอ่อนแอกว่าคาด แต่เงินปันผลสูง,https://api.prod.pi.financial/cms/assets/f158c38f-03a5-4043-987a-8392fcc9e148,Tanadech Rungsrithananon,2024-07-15,TISCO,HOLD,94.0,95.0,95.25,95.25,95.25,
12/07/2024 TIDLOR (BUY : Fair Price : Bt 23.00) : ความสามารถทำกำไรเร่งตัวในปี 2024,https://api.prod.pi.financial/cms/assets/6aa252a2-8fb5-456d-aef2-0bc432f8591c,Tanadech Rungsrithananon,2024-07-12,TIDLOR,BUY,23.0,17.6,17.8,17.8,17.8,
11/07/2024 TOP (BUY : Fair Price : Bt 75.00) : กำไร 2Q24 ชะลอตัวเล็กน้อย,https://api.prod.pi.financial/cms/assets/3f369225-7f89-4f80-80bd-47e3c7694ce6,Aomsub Ngowsiri,2024-07-11,TOP,BUY,75.0,53.0,53.25,53.25,53.25,
10/07/2024 GLOBAL (BUY : Fair Price : Bt 19.00) : คาดกำไร 2Q24 สูงสุดในรอบ 5 ไตรมาส,https://api.prod.pi.financial/cms/assets/848f7f58-ff5f-4fd8-b3dc-a247e1a321cc,Thanawich Boonchuwong,2024-07-10,GLOBAL,BUY,19.0,14.82963097,14.92592728,15.11851989,15.3111125,
10/07/2024 PTTEP (BUY : Fair Price : Bt 195.00) : กำไรสูงสุดในรอบ 7 ไตรมาส,https://api.prod.pi.financial/cms/assets/c380231a-53c9-48fc-8f4f-72553fb3d812,Aomsub Ngowsiri,2024-07-10,PTTEP,BUY,195.0,151.0,151.0,151.0,151.0,
09/07/2024 CPALL (BUY : Fair Price : Bt 79.00) : คาด Ready-to-eat หนุนกำไร 2Q24 โต YoY,https://api.prod.pi.financial/cms/assets/6af01249-dcb8-4a69-ae02-ffa5cd24b67a,Thanawich Boonchuwong,2024-07-09,CPALL,BUY,79.0,57.5,57.75,57.75,58.25,
09/07/2024 MTC (BUY : Fair Price : Bt 53.00) :  คาดกำไรฟื้นตัวต่อเนื่องใน 2Q24,https://api.prod.pi.financial/cms/assets/13e08074-302d-410c-822a-11dab7437bce,Tanadech Rungsrithananon,2024-07-09,MTC,BUY,53.0,43.75,42.75,42.75,42.75,
08/07/2024 CPF (HOLD : Fair Price : Bt 24.70) : คาด 2Q24 ได้ดีจากสุกรหนุนกำไรดีดแรง,https://api.prod.pi.financial/cms/assets/8c2739b7-f974-4ff0-93cb-d2d51fbf535d,Dome Kunprayoonsawad,2024-07-08,CPF,HOLD,24.7,24.4,24.3,24.3,24.3,
05/07/2024 TU (BUY : Fair Price : Bt 18.10) : 2Q24 เติบโตจากอาหารแปรรูปและอาหารสัตว์เลี้ยง,https://api.prod.pi.financial/cms/assets/262ab7e6-a309-498f-96cb-5f0b506f9751,Dome Kunprayoonsawad,2024-07-05,TU,BUY,18.1,14.9,15.2,15.4,15.4,
04/07/2024 CBG (BUY : Fair Price : Bt 91.00) : คาดกำไร 2Q24 ทำระดับสูงสุดในรอบ 8 ไตรมาส,https://api.prod.pi.financial/cms/assets/a4719e28-5fd2-4556-bd6b-bbffc6f80757,Thanawich Boonchuwong,2024-07-04,CBG,BUY,91.0,68.0,69.5,69.5,69.5,
04/07/2024 ITC (BUY : Fair Price : Bt 26.20) : คาดกำไรปกติ 2Q24 ทะลุ 900 ล้านบาท,https://api.prod.pi.financial/cms/assets/b05064f7-f4b9-4672-b603-f10684d04c4e,Dome Kunprayoonsawad,2024-07-04,ITC,BUY,26.2,23.2,24.3,24.3,24.3,
03/07/2024 SAPPE (BUY : Fair Price : Bt 111.00) : คาดกำไร 2Q24 ทำสถิติสูงสุดใหม่,https://api.prod.pi.financial/cms/assets/feea6d78-fd72-47b6-928f-c3ae2c424fa9,Thanawich Boonchuwong,2024-07-03,SAPPE,BUY,111.0,102.5,102.0,102.0,102.0,
02/07/2024 DOHOME (BUY : Fair Price : Bt 13.50) : คาดกำไรดีขึ้น YoY ต่อเนื่องใน 2Q24,https://api.prod.pi.financial/cms/assets/36466471-6ccc-4286-bc1d-0b9b0872018d,Thanawich Boonchuwong,2024-07-02,DOHOME,BUY,13.5,9.5454504,10.30908643,10.78635895,10.78635895,
02/07/2024 AOT (BUY : Fair Price : Bt 68.00) : FY3Q24 ผู้โดยสารโต 16%YoY,https://api.prod.pi.financial/cms/assets/e2365bbd-59fa-4659-91e7-9ff80d8c3778,Dome Kunprayoonsawad,2024-07-02,AOT,BUY,68.0,55.75,57.25,58.75,58.75,
28/06/2024 KTB (BUY : Fair Price : Bt 20.00) : คาดกำไรใน 2Q24 โต YoY แต่ทรงตัว QoQ,https://api.prod.pi.financial/cms/assets/350b1b28-c995-4187-b457-761668868ef9,Tanadech Rungsrithananon,2024-06-28,KTB,BUY,20.0,17.1,17.6,17.7,17.7,
25/06/2024 KBANK (BUY : Fair Price : Bt 152.00) : ฟื้นตัวต่อเนื่อง แม้ขาดปัจจัยหนุนด้านเศรษฐกิจ,https://api.prod.pi.financial/cms/assets/0e43af6c-6b8d-47d5-87ca-6227890bbdda,Tanadech Rungsrithananon,2024-06-25,KBANK,BUY,152.0,127.5,126.5,130.0,130.0,
21/06/2024 TTB (BUY : Fair Price : Bt 1.98) : การเติบโตสูงหนุนจากผลประโยชน์ภาษี,https://api.prod.pi.financial/cms/assets/7d4a8211-2ee2-450e-833f-81dd8b780af1,Tanadech Rungsrithananon,2024-06-21,TTB,BUY,1.98,1.68,1.74,1.77,1.81,
17/06/2024 TISCO (HOLD : Fair Price : Bt 99.00) : เงินปันผลสูงชดเชยกำไรปี 2024 ที่ลดลง,https://api.prod.pi.financial/cms/assets/c97fd6e7-ceb7-4292-bea1-5db2834d989f,Tanadech Rungsrithananon,2024-06-17,TISCO,HOLD,99.0,95.75,96.5,96.5,96.5,
12/06/2024 BEM (BUY : Fair Price : Bt 10.00) : ปัจจัยบวกทยอยเข้ามาต่อเนื่อง,https://api.prod.pi.financial/cms/assets/d478bafb-f6bb-44f5-af2c-d616f9466169,Aomsub Ngowsiri,2024-06-12,BEM,BUY,10.0,8.1,8.0,8.0,8.0,
